2026-05-21 10:00:34.664 [main] [trace=,span=] INFO  com.yasirkhan.auth.AuthServiceApplication - Starting AuthServiceApplication using Java 17.0.11 with PID 5928 (D:\Uni Data\8th Semester\FYP II\BackEnd\auth-service\target\classes started by yasir in D:\Uni Data\8th Semester\FYP II\BackEnd\auth-service)
2026-05-21 10:00:34.675 [main] [trace=,span=] INFO  com.yasirkhan.auth.AuthServiceApplication - No active profile set, falling back to 1 default profile: "default"
2026-05-21 10:00:35.174 [background-preinit] [trace=,span=] INFO  org.hibernate.validator.internal.util.Version - HV000001: Hibernate Validator 9.0.1.Final
2026-05-21 10:00:38.288 [main] [trace=,span=] INFO  org.apache.coyote.http11.Http11NioProtocol - Initializing ProtocolHandler ["http-nio-8762"]
2026-05-21 10:00:38.291 [main] [trace=,span=] INFO  org.apache.catalina.core.StandardService - Starting service [Tomcat]
2026-05-21 10:00:38.292 [main] [trace=,span=] INFO  org.apache.catalina.core.StandardEngine - Starting Servlet engine: [Apache Tomcat/11.0.22]
2026-05-21 10:00:39.280 [main] [trace=,span=] INFO  org.hibernate.orm.jpa - HHH008540: Processing PersistenceUnitInfo [name: default]
2026-05-21 10:00:39.456 [main] [trace=,span=] INFO  org.hibernate.orm.core - HHH000001: Hibernate ORM core version 7.2.12.Final
2026-05-21 10:00:40.609 [main] [trace=,span=] INFO  com.zaxxer.hikari.HikariDataSource - HikariPool-1 - Starting...
2026-05-21 10:00:40.995 [main] [trace=,span=] INFO  com.zaxxer.hikari.pool.HikariPool - HikariPool-1 - Added connection org.postgresql.jdbc.PgConnection@6e4bccc
2026-05-21 10:00:40.997 [main] [trace=,span=] INFO  com.zaxxer.hikari.HikariDataSource - HikariPool-1 - Start completed.
2026-05-21 10:00:41.055 [main] [trace=,span=] WARN  org.hibernate.orm.deprecation - HHH90000025: PostgreSQLDialect does not need to be specified explicitly using 'hibernate.dialect' (remove the property setting and it will be selected by default)
2026-05-21 10:00:41.113 [main] [trace=,span=] INFO  org.hibernate.orm.connections.pooling - HHH10001005: Database info:
	Database JDBC URL [jdbc:postgresql://localhost:5432/wtms_auth_db]
	Database driver: PostgreSQL JDBC Driver
	Database dialect: PostgreSQLDialect
	Database version: 16.4
	Default catalog/schema: wtms_auth_db/public
	Autocommit mode: undefined/unknown
	Isolation level: READ_COMMITTED [default READ_COMMITTED]
	JDBC fetch size: none
	Pool: DataSourceConnectionProvider
	Minimum pool size: undefined/unknown
	Maximum pool size: undefined/unknown
2026-05-21 10:00:42.566 [main] [trace=,span=] INFO  org.hibernate.orm.core - HHH000489: No JTA platform available (set 'hibernate.transaction.jta.platform' to enable JTA platform integration)
2026-05-21 10:01:08.275 [main] [trace=,span=] INFO  com.netflix.discovery.DiscoveryClient - Initializing Eureka in region us-east-1
2026-05-21 10:01:08.310 [main] [trace=,span=] INFO  com.netflix.discovery.shared.resolver.aws.ConfigClusterResolver - Resolving eureka endpoints via configuration
2026-05-21 10:01:08.340 [main] [trace=,span=] INFO  com.netflix.discovery.DiscoveryClient - Disable delta property : false
2026-05-21 10:01:08.340 [main] [trace=,span=] INFO  com.netflix.discovery.DiscoveryClient - Single vip registry refresh property : null
2026-05-21 10:01:08.340 [main] [trace=,span=] INFO  com.netflix.discovery.DiscoveryClient - Force full registry fetch : false
2026-05-21 10:01:08.340 [main] [trace=,span=] INFO  com.netflix.discovery.DiscoveryClient - Application is null : false
2026-05-21 10:01:08.340 [main] [trace=,span=] INFO  com.netflix.discovery.DiscoveryClient - Registered Applications size is zero : true
2026-05-21 10:01:08.341 [main] [trace=,span=] INFO  com.netflix.discovery.DiscoveryClient - Application version is -1: true
2026-05-21 10:01:08.341 [main] [trace=,span=] INFO  com.netflix.discovery.DiscoveryClient - Getting all instance registry info from the eureka server
2026-05-21 10:01:09.944 [main] [trace=,span=] INFO  com.netflix.discovery.DiscoveryClient - The response status is 200
2026-05-21 10:01:09.949 [main] [trace=,span=] INFO  com.netflix.discovery.DiscoveryClient - Starting heartbeat executor: renew interval is: 30
2026-05-21 10:01:09.954 [main] [trace=,span=] INFO  com.netflix.discovery.InstanceInfoReplicator - InstanceInfoReplicator onDemand update allowed rate per min is 4
2026-05-21 10:01:09.960 [main] [trace=,span=] INFO  com.netflix.discovery.DiscoveryClient - Discovery Client initialized at timestamp 1779339669956 with initial instances count: 1
2026-05-21 10:01:09.975 [main] [trace=,span=] INFO  com.netflix.discovery.DiscoveryClient - Saw local status change event StatusChangeEvent [timestamp=1779339669974, current=UP, previous=STARTING]
2026-05-21 10:01:09.983 [DiscoveryClient-InstanceInfoReplicator-%d] [trace=,span=] INFO  com.netflix.discovery.DiscoveryClient - DiscoveryClient_AUTH-SERVICE/DESKTOP-0NACNM9:auth-service:8762: registering service...
2026-05-21 10:01:09.985 [main] [trace=,span=] INFO  org.apache.coyote.http11.Http11NioProtocol - Starting ProtocolHandler ["http-nio-8762"]
2026-05-21 10:01:10.167 [DiscoveryClient-InstanceInfoReplicator-%d] [trace=,span=] INFO  com.netflix.discovery.DiscoveryClient - DiscoveryClient_AUTH-SERVICE/DESKTOP-0NACNM9:auth-service:8762 - registration status: 204
2026-05-21 10:01:11.712 [main] [trace=,span=] INFO  com.yasirkhan.auth.AuthServiceApplication - Started AuthServiceApplication in 38.081 seconds (process running for 41.573)
2026-05-21 10:01:11.774 [main] [trace=,span=] WARN  org.springdoc.core.events.SpringDocAppInitializer - SpringDoc /v3/api-docs endpoint is enabled by default. To disable it in production, set the property 'springdoc.api-docs.enabled=false'
2026-05-21 10:01:11.774 [main] [trace=,span=] WARN  org.springdoc.core.events.SpringDocAppInitializer - SpringDoc /swagger-ui.html endpoint is enabled by default. To disable it in production, set the property 'springdoc.swagger-ui.enabled=false'
2026-05-21 10:01:12.524 [RMI TCP Connection(4)-10.238.173.71] [trace=,span=] INFO  org.apache.catalina.core.ContainerBase.[Tomcat].[localhost].[/] - Initializing Spring DispatcherServlet 'dispatcherServlet'
2026-05-21 10:03:42.587 [http-nio-8762-exec-1] [trace=,span=] DEBUG org.hibernate.SQL - select u1_0.id,u1_0.email,u1_0.is_blocked,u1_0.password,rt1_0.id,rt1_0.expiration_date,rt1_0.token,rt1_0.user_id,u1_0.role,u1_0.token_version,u1_0.username from wtms_user u1_0 left join refresh_token rt1_0 on u1_0.id=rt1_0.user_id where u1_0.username=?
2026-05-21 10:03:42.842 [http-nio-8762-exec-1] [trace=,span=] DEBUG org.hibernate.SQL - update wtms_user set email=?,is_blocked=?,password=?,role=?,token_version=?,username=? where id=?
2026-05-21 10:03:43.332 [http-nio-8762-exec-2] [trace=,span=] DEBUG org.hibernate.SQL - select u1_0.id,u1_0.email,u1_0.is_blocked,u1_0.password,rt1_0.id,rt1_0.expiration_date,rt1_0.token,rt1_0.user_id,u1_0.role,u1_0.token_version,u1_0.username from wtms_user u1_0 left join refresh_token rt1_0 on u1_0.id=rt1_0.user_id where u1_0.username=?
2026-05-21 10:05:40.650 [http-nio-8762-exec-9] [trace=,span=] DEBUG org.hibernate.SQL - select u1_0.id,u1_0.email,u1_0.is_blocked,u1_0.password,rt1_0.id,rt1_0.expiration_date,rt1_0.token,rt1_0.user_id,u1_0.role,u1_0.token_version,u1_0.username from wtms_user u1_0 left join refresh_token rt1_0 on u1_0.id=rt1_0.user_id where u1_0.username=?
2026-05-21 10:05:40.685 [http-nio-8762-exec-9] [trace=,span=] DEBUG org.hibernate.SQL - delete from refresh_token rt1_0 where rt1_0.token=?
2026-05-21 10:05:40.699 [http-nio-8762-exec-9] [trace=,span=] DEBUG org.hibernate.SQL - select u1_0.id,u1_0.email,u1_0.is_blocked,u1_0.password,rt1_0.id,rt1_0.expiration_date,rt1_0.token,rt1_0.user_id,u1_0.role,u1_0.token_version,u1_0.username from wtms_user u1_0 left join refresh_token rt1_0 on u1_0.id=rt1_0.user_id where u1_0.id=?
2026-05-21 10:05:40.703 [http-nio-8762-exec-9] [trace=,span=] DEBUG org.hibernate.SQL - update wtms_user set email=?,is_blocked=?,password=?,role=?,token_version=?,username=? where id=?
2026-05-21 10:06:08.355 [AsyncResolver-bootstrap-executor-%d] [trace=,span=] INFO  com.netflix.discovery.shared.resolver.aws.ConfigClusterResolver - Resolving eureka endpoints via configuration
2026-05-21 10:06:29.356 [http-nio-8762-exec-4] [trace=,span=] DEBUG org.hibernate.SQL - select u1_0.id,u1_0.email,u1_0.is_blocked,u1_0.password,rt1_0.id,rt1_0.expiration_date,rt1_0.token,rt1_0.user_id,u1_0.role,u1_0.token_version,u1_0.username from wtms_user u1_0 left join refresh_token rt1_0 on u1_0.id=rt1_0.user_id where u1_0.username=?
2026-05-21 10:06:29.439 [http-nio-8762-exec-4] [trace=,span=] DEBUG org.hibernate.SQL - update wtms_user set email=?,is_blocked=?,password=?,role=?,token_version=?,username=? where id=?
2026-05-21 10:06:29.480 [http-nio-8762-exec-4] [trace=,span=] DEBUG org.hibernate.SQL - insert into refresh_token (expiration_date,token,user_id,id) values (?,?,?,?)
2026-05-21 10:06:29.741 [http-nio-8762-exec-5] [trace=,span=] DEBUG org.hibernate.SQL - select u1_0.id,u1_0.email,u1_0.is_blocked,u1_0.password,rt1_0.id,rt1_0.expiration_date,rt1_0.token,rt1_0.user_id,u1_0.role,u1_0.token_version,u1_0.username from wtms_user u1_0 left join refresh_token rt1_0 on u1_0.id=rt1_0.user_id where u1_0.username=?
2026-05-21 10:11:08.373 [AsyncResolver-bootstrap-executor-%d] [trace=,span=] INFO  com.netflix.discovery.shared.resolver.aws.ConfigClusterResolver - Resolving eureka endpoints via configuration
2026-05-21 10:11:56.713 [http-nio-8762-exec-8] [trace=,span=] DEBUG org.hibernate.SQL - select u1_0.id,u1_0.email,u1_0.is_blocked,u1_0.password,rt1_0.id,rt1_0.expiration_date,rt1_0.token,rt1_0.user_id,u1_0.role,u1_0.token_version,u1_0.username from wtms_user u1_0 left join refresh_token rt1_0 on u1_0.id=rt1_0.user_id where u1_0.username=?
2026-05-21 10:11:57.046 [http-nio-8762-exec-8] [trace=,span=] DEBUG org.hibernate.SQL - update wtms_user set email=?,is_blocked=?,password=?,role=?,token_version=?,username=? where id=?
2026-05-21 10:12:11.042 [http-nio-8762-exec-6] [trace=,span=] DEBUG org.hibernate.SQL - select u1_0.id,u1_0.email,u1_0.is_blocked,u1_0.password,rt1_0.id,rt1_0.expiration_date,rt1_0.token,rt1_0.user_id,u1_0.role,u1_0.token_version,u1_0.username from wtms_user u1_0 left join refresh_token rt1_0 on u1_0.id=rt1_0.user_id where u1_0.username=?
2026-05-21 10:12:11.283 [http-nio-8762-exec-6] [trace=,span=] DEBUG org.hibernate.SQL - select u1_0.id,u1_0.email,u1_0.is_blocked,u1_0.password,rt1_0.id,rt1_0.expiration_date,rt1_0.token,rt1_0.user_id,u1_0.role,u1_0.token_version,u1_0.username from wtms_user u1_0 left join refresh_token rt1_0 on u1_0.id=rt1_0.user_id
2026-05-21 10:16:08.392 [AsyncResolver-bootstrap-executor-%d] [trace=,span=] INFO  com.netflix.discovery.shared.resolver.aws.ConfigClusterResolver - Resolving eureka endpoints via configuration
2026-05-21 10:16:21.657 [SpringApplicationShutdownHook] [trace=,span=] INFO  com.netflix.discovery.DiscoveryClient - Saw local status change event StatusChangeEvent [timestamp=1779340581655, current=DOWN, previous=UP]
2026-05-21 10:16:21.661 [DiscoveryClient-InstanceInfoReplicator-%d] [trace=,span=] INFO  com.netflix.discovery.DiscoveryClient - DiscoveryClient_AUTH-SERVICE/DESKTOP-0NACNM9:auth-service:8762: registering service...
2026-05-21 10:16:22.290 [DiscoveryClient-InstanceInfoReplicator-%d] [trace=,span=] WARN  com.netflix.discovery.InstanceInfoReplicator - There was a problem with the instance info replicator
java.lang.NoClassDefFoundError: org/apache/commons/lang/exception/ExceptionUtils
	at com.netflix.discovery.shared.transport.decorator.RedirectingEurekaHttpClient.execute(RedirectingEurekaHttpClient.java:94)
	at com.netflix.discovery.shared.transport.decorator.EurekaHttpClientDecorator.register(EurekaHttpClientDecorator.java:56)
	at com.netflix.discovery.shared.transport.decorator.EurekaHttpClientDecorator$1.execute(EurekaHttpClientDecorator.java:59)
	at com.netflix.discovery.shared.transport.decorator.RetryableEurekaHttpClient.execute(RetryableEurekaHttpClient.java:120)
	at com.netflix.discovery.shared.transport.decorator.EurekaHttpClientDecorator.register(EurekaHttpClientDecorator.java:56)
	at com.netflix.discovery.shared.transport.decorator.EurekaHttpClientDecorator$1.execute(EurekaHttpClientDecorator.java:59)
	at com.netflix.discovery.shared.transport.decorator.SessionedEurekaHttpClient.execute(SessionedEurekaHttpClient.java:76)
	at com.netflix.discovery.shared.transport.decorator.EurekaHttpClientDecorator.register(EurekaHttpClientDecorator.java:56)
	at com.netflix.discovery.DiscoveryClient.register(DiscoveryClient.java:828)
	at com.netflix.discovery.InstanceInfoReplicator.run(InstanceInfoReplicator.java:125)
	at com.netflix.discovery.InstanceInfoReplicator$2.run(InstanceInfoReplicator.java:105)
	at java.base/java.util.concurrent.Executors$RunnableAdapter.call(Executors.java:539)
	at java.base/java.util.concurrent.FutureTask.run(FutureTask.java:264)
	at java.base/java.util.concurrent.ScheduledThreadPoolExecutor$ScheduledFutureTask.run(ScheduledThreadPoolExecutor.java:304)
	at java.base/java.util.concurrent.ThreadPoolExecutor.runWorker(ThreadPoolExecutor.java:1136)
	at java.base/java.util.concurrent.ThreadPoolExecutor$Worker.run(ThreadPoolExecutor.java:635)
	at java.base/java.lang.Thread.run(Thread.java:842)
Caused by: java.lang.ClassNotFoundException: org.apache.commons.lang.exception.ExceptionUtils
	at java.base/jdk.internal.loader.BuiltinClassLoader.loadClass(BuiltinClassLoader.java:641)
	at java.base/jdk.internal.loader.ClassLoaders$AppClassLoader.loadClass(ClassLoaders.java:188)
	at java.base/java.lang.ClassLoader.loadClass(ClassLoader.java:520)
	... 17 more
2026-05-21 10:16:27.785 [SpringApplicationShutdownHook] [trace=,span=] INFO  com.zaxxer.hikari.HikariDataSource - HikariPool-1 - Shutdown initiated...
2026-05-21 10:16:27.879 [SpringApplicationShutdownHook] [trace=,span=] INFO  com.zaxxer.hikari.HikariDataSource - HikariPool-1 - Shutdown completed.
2026-05-21 10:16:27.905 [SpringApplicationShutdownHook] [trace=,span=] INFO  com.netflix.discovery.DiscoveryClient - Shutting down DiscoveryClient ...
2026-05-21 10:16:30.909 [SpringApplicationShutdownHook] [trace=,span=] INFO  com.netflix.discovery.DiscoveryClient - Unregistering ...
2026-05-21 10:16:40.207 [main] [trace=,span=] INFO  com.yasirkhan.auth.AuthServiceApplication - Starting AuthServiceApplication using Java 17.0.11 with PID 13164 (D:\Uni Data\8th Semester\FYP II\BackEnd\auth-service\target\classes started by yasir in D:\Uni Data\8th Semester\FYP II\BackEnd\auth-service)
2026-05-21 10:16:40.224 [main] [trace=,span=] INFO  com.yasirkhan.auth.AuthServiceApplication - No active profile set, falling back to 1 default profile: "default"
2026-05-21 10:16:41.299 [background-preinit] [trace=,span=] INFO  org.hibernate.validator.internal.util.Version - HV000001: Hibernate Validator 9.0.1.Final
2026-05-21 10:16:50.391 [main] [trace=,span=] INFO  org.apache.coyote.http11.Http11NioProtocol - Initializing ProtocolHandler ["http-nio-8762"]
2026-05-21 10:16:50.444 [main] [trace=,span=] INFO  org.apache.catalina.core.StandardService - Starting service [Tomcat]
2026-05-21 10:16:50.445 [main] [trace=,span=] INFO  org.apache.catalina.core.StandardEngine - Starting Servlet engine: [Apache Tomcat/11.0.22]
2026-05-21 10:16:52.270 [main] [trace=,span=] INFO  org.hibernate.orm.jpa - HHH008540: Processing PersistenceUnitInfo [name: default]
2026-05-21 10:16:52.459 [main] [trace=,span=] INFO  org.hibernate.orm.core - HHH000001: Hibernate ORM core version 7.2.12.Final
2026-05-21 10:16:53.662 [main] [trace=,span=] INFO  com.zaxxer.hikari.HikariDataSource - HikariPool-1 - Starting...
2026-05-21 10:16:54.026 [main] [trace=,span=] INFO  com.zaxxer.hikari.pool.HikariPool - HikariPool-1 - Added connection org.postgresql.jdbc.PgConnection@760d6350
2026-05-21 10:16:54.030 [main] [trace=,span=] INFO  com.zaxxer.hikari.HikariDataSource - HikariPool-1 - Start completed.
2026-05-21 10:16:54.108 [main] [trace=,span=] WARN  org.hibernate.orm.deprecation - HHH90000025: PostgreSQLDialect does not need to be specified explicitly using 'hibernate.dialect' (remove the property setting and it will be selected by default)
2026-05-21 10:16:54.164 [main] [trace=,span=] INFO  org.hibernate.orm.connections.pooling - HHH10001005: Database info:
	Database JDBC URL [jdbc:postgresql://localhost:5432/wtms_auth_db]
	Database driver: PostgreSQL JDBC Driver
	Database dialect: PostgreSQLDialect
	Database version: 16.4
	Default catalog/schema: wtms_auth_db/public
	Autocommit mode: undefined/unknown
	Isolation level: READ_COMMITTED [default READ_COMMITTED]
	JDBC fetch size: none
	Pool: DataSourceConnectionProvider
	Minimum pool size: undefined/unknown
	Maximum pool size: undefined/unknown
2026-05-21 10:16:55.790 [main] [trace=,span=] INFO  org.hibernate.orm.core - HHH000489: No JTA platform available (set 'hibernate.transaction.jta.platform' to enable JTA platform integration)
2026-05-21 10:17:03.829 [main] [trace=,span=] INFO  com.netflix.discovery.DiscoveryClient - Initializing Eureka in region us-east-1
2026-05-21 10:17:03.835 [main] [trace=,span=] INFO  com.netflix.discovery.shared.resolver.aws.ConfigClusterResolver - Resolving eureka endpoints via configuration
2026-05-21 10:17:03.845 [main] [trace=,span=] INFO  com.netflix.discovery.DiscoveryClient - Disable delta property : false
2026-05-21 10:17:03.845 [main] [trace=,span=] INFO  com.netflix.discovery.DiscoveryClient - Single vip registry refresh property : null
2026-05-21 10:17:03.846 [main] [trace=,span=] INFO  com.netflix.discovery.DiscoveryClient - Force full registry fetch : false
2026-05-21 10:17:03.846 [main] [trace=,span=] INFO  com.netflix.discovery.DiscoveryClient - Application is null : false
2026-05-21 10:17:03.846 [main] [trace=,span=] INFO  com.netflix.discovery.DiscoveryClient - Registered Applications size is zero : true
2026-05-21 10:17:03.846 [main] [trace=,span=] INFO  com.netflix.discovery.DiscoveryClient - Application version is -1: true
2026-05-21 10:17:03.846 [main] [trace=,span=] INFO  com.netflix.discovery.DiscoveryClient - Getting all instance registry info from the eureka server
2026-05-21 10:17:04.487 [main] [trace=,span=] INFO  com.netflix.discovery.DiscoveryClient - The response status is 200
2026-05-21 10:17:04.489 [main] [trace=,span=] INFO  com.netflix.discovery.DiscoveryClient - Starting heartbeat executor: renew interval is: 30
2026-05-21 10:17:04.491 [main] [trace=,span=] INFO  com.netflix.discovery.InstanceInfoReplicator - InstanceInfoReplicator onDemand update allowed rate per min is 4
2026-05-21 10:17:04.493 [main] [trace=,span=] INFO  com.netflix.discovery.DiscoveryClient - Discovery Client initialized at timestamp 1779340624492 with initial instances count: 1
2026-05-21 10:17:04.498 [main] [trace=,span=] INFO  com.netflix.discovery.DiscoveryClient - Saw local status change event StatusChangeEvent [timestamp=1779340624498, current=UP, previous=STARTING]
2026-05-21 10:17:04.500 [main] [trace=,span=] INFO  org.apache.coyote.http11.Http11NioProtocol - Starting ProtocolHandler ["http-nio-8762"]
2026-05-21 10:17:04.500 [DiscoveryClient-InstanceInfoReplicator-%d] [trace=,span=] INFO  com.netflix.discovery.DiscoveryClient - DiscoveryClient_AUTH-SERVICE/DESKTOP-0NACNM9:auth-service:8762: registering service...
2026-05-21 10:17:04.567 [DiscoveryClient-InstanceInfoReplicator-%d] [trace=,span=] INFO  com.netflix.discovery.DiscoveryClient - DiscoveryClient_AUTH-SERVICE/DESKTOP-0NACNM9:auth-service:8762 - registration status: 204
2026-05-21 10:17:05.021 [main] [trace=,span=] INFO  com.yasirkhan.auth.AuthServiceApplication - Started AuthServiceApplication in 26.845 seconds (process running for 30.842)
2026-05-21 10:17:05.057 [main] [trace=,span=] WARN  org.springdoc.core.events.SpringDocAppInitializer - SpringDoc /v3/api-docs endpoint is enabled by default. To disable it in production, set the property 'springdoc.api-docs.enabled=false'
2026-05-21 10:17:05.057 [main] [trace=,span=] WARN  org.springdoc.core.events.SpringDocAppInitializer - SpringDoc /swagger-ui.html endpoint is enabled by default. To disable it in production, set the property 'springdoc.swagger-ui.enabled=false'
2026-05-21 10:17:05.607 [RMI TCP Connection(1)-192.168.100.88] [trace=,span=] INFO  org.apache.catalina.core.ContainerBase.[Tomcat].[localhost].[/] - Initializing Spring DispatcherServlet 'dispatcherServlet'
2026-05-21 10:17:50.494 [http-nio-8762-exec-1] [trace=,span=] DEBUG org.hibernate.SQL - select rt1_0.id,rt1_0.expiration_date,rt1_0.token,rt1_0.user_id,u1_0.id,u1_0.email,u1_0.is_blocked,u1_0.password,u1_0.role,u1_0.token_version,u1_0.username from refresh_token rt1_0 join wtms_user u1_0 on u1_0.id=rt1_0.user_id where rt1_0.token=?
2026-05-21 10:17:55.377 [http-nio-8762-exec-2] [trace=,span=] DEBUG org.hibernate.SQL - select u1_0.id,u1_0.email,u1_0.is_blocked,u1_0.password,rt1_0.id,rt1_0.expiration_date,rt1_0.token,rt1_0.user_id,u1_0.role,u1_0.token_version,u1_0.username from wtms_user u1_0 left join refresh_token rt1_0 on u1_0.id=rt1_0.user_id where u1_0.username=?
2026-05-21 10:17:55.460 [http-nio-8762-exec-2] [trace=,span=] DEBUG org.hibernate.SQL - select u1_0.id,u1_0.email,u1_0.is_blocked,u1_0.password,rt1_0.id,rt1_0.expiration_date,rt1_0.token,rt1_0.user_id,u1_0.role,u1_0.token_version,u1_0.username from wtms_user u1_0 left join refresh_token rt1_0 on u1_0.id=rt1_0.user_id
2026-05-21 10:19:56.069 [http-nio-8762-exec-4] [trace=,span=] DEBUG org.hibernate.SQL - select u1_0.id,u1_0.email,u1_0.is_blocked,u1_0.password,rt1_0.id,rt1_0.expiration_date,rt1_0.token,rt1_0.user_id,u1_0.role,u1_0.token_version,u1_0.username from wtms_user u1_0 left join refresh_token rt1_0 on u1_0.id=rt1_0.user_id where u1_0.username=?
2026-05-21 10:19:56.080 [http-nio-8762-exec-4] [trace=,span=] WARN  com.yasirkhan.auth.exceptions.GlobalExceptionHandler - Invalid login attempt: User with Username: Furman Not Found.
2026-05-21 10:20:28.613 [http-nio-8762-exec-5] [trace=,span=] DEBUG org.hibernate.SQL - select u1_0.id,u1_0.email,u1_0.is_blocked,u1_0.password,rt1_0.id,rt1_0.expiration_date,rt1_0.token,rt1_0.user_id,u1_0.role,u1_0.token_version,u1_0.username from wtms_user u1_0 left join refresh_token rt1_0 on u1_0.id=rt1_0.user_id where u1_0.username=?
2026-05-21 10:20:29.010 [http-nio-8762-exec-5] [trace=,span=] DEBUG org.hibernate.SQL - update wtms_user set email=?,is_blocked=?,password=?,role=?,token_version=?,username=? where id=?
2026-05-21 10:20:29.152 [http-nio-8762-exec-5] [trace=,span=] DEBUG org.hibernate.SQL - insert into refresh_token (expiration_date,token,user_id,id) values (?,?,?,?)
2026-05-21 10:20:30.130 [http-nio-8762-exec-6] [trace=,span=] DEBUG org.hibernate.SQL - select u1_0.id,u1_0.email,u1_0.is_blocked,u1_0.password,rt1_0.id,rt1_0.expiration_date,rt1_0.token,rt1_0.user_id,u1_0.role,u1_0.token_version,u1_0.username from wtms_user u1_0 left join refresh_token rt1_0 on u1_0.id=rt1_0.user_id where u1_0.username=?
2026-05-21 10:21:33.793 [http-nio-8762-exec-8] [trace=,span=] DEBUG org.hibernate.SQL - select u1_0.id,u1_0.email,u1_0.is_blocked,u1_0.password,rt1_0.id,rt1_0.expiration_date,rt1_0.token,rt1_0.user_id,u1_0.role,u1_0.token_version,u1_0.username from wtms_user u1_0 left join refresh_token rt1_0 on u1_0.id=rt1_0.user_id where u1_0.username=?
2026-05-21 10:21:33.875 [http-nio-8762-exec-8] [trace=,span=] DEBUG org.hibernate.SQL - update wtms_user set email=?,is_blocked=?,password=?,role=?,token_version=?,username=? where id=?
2026-05-21 10:21:34.148 [http-nio-8762-exec-9] [trace=,span=] DEBUG org.hibernate.SQL - select u1_0.id,u1_0.email,u1_0.is_blocked,u1_0.password,rt1_0.id,rt1_0.expiration_date,rt1_0.token,rt1_0.user_id,u1_0.role,u1_0.token_version,u1_0.username from wtms_user u1_0 left join refresh_token rt1_0 on u1_0.id=rt1_0.user_id where u1_0.username=?
2026-05-21 10:22:03.853 [AsyncResolver-bootstrap-executor-%d] [trace=,span=] INFO  com.netflix.discovery.shared.resolver.aws.ConfigClusterResolver - Resolving eureka endpoints via configuration
2026-05-21 10:27:03.869 [AsyncResolver-bootstrap-executor-%d] [trace=,span=] INFO  com.netflix.discovery.shared.resolver.aws.ConfigClusterResolver - Resolving eureka endpoints via configuration
2026-05-21 10:32:03.882 [AsyncResolver-bootstrap-executor-%d] [trace=,span=] INFO  com.netflix.discovery.shared.resolver.aws.ConfigClusterResolver - Resolving eureka endpoints via configuration
2026-05-21 10:37:03.888 [AsyncResolver-bootstrap-executor-%d] [trace=,span=] INFO  com.netflix.discovery.shared.resolver.aws.ConfigClusterResolver - Resolving eureka endpoints via configuration
2026-05-21 10:42:03.891 [AsyncResolver-bootstrap-executor-%d] [trace=,span=] INFO  com.netflix.discovery.shared.resolver.aws.ConfigClusterResolver - Resolving eureka endpoints via configuration
2026-05-21 10:47:03.904 [AsyncResolver-bootstrap-executor-%d] [trace=,span=] INFO  com.netflix.discovery.shared.resolver.aws.ConfigClusterResolver - Resolving eureka endpoints via configuration
2026-05-21 10:52:03.920 [AsyncResolver-bootstrap-executor-%d] [trace=,span=] INFO  com.netflix.discovery.shared.resolver.aws.ConfigClusterResolver - Resolving eureka endpoints via configuration
2026-05-21 10:54:23.728 [http-nio-8762-exec-1] [trace=,span=] WARN  com.yasirkhan.auth.exceptions.GlobalExceptionHandler - JWT validation failed: JWT expired 44496670 milliseconds ago at 2026-05-20T17:32:47.000Z. Current time: 2026-05-21T05:54:23.670Z. Allowed clock skew: 0 milliseconds.
2026-05-21 10:54:24.536 [http-nio-8762-exec-2] [trace=,span=] DEBUG org.hibernate.SQL - select rt1_0.id,rt1_0.expiration_date,rt1_0.token,rt1_0.user_id,u1_0.id,u1_0.email,u1_0.is_blocked,u1_0.password,u1_0.role,u1_0.token_version,u1_0.username from refresh_token rt1_0 join wtms_user u1_0 on u1_0.id=rt1_0.user_id where rt1_0.token=?
2026-05-21 10:54:24.957 [http-nio-8762-exec-3] [trace=,span=] DEBUG org.hibernate.SQL - select u1_0.id,u1_0.email,u1_0.is_blocked,u1_0.password,rt1_0.id,rt1_0.expiration_date,rt1_0.token,rt1_0.user_id,u1_0.role,u1_0.token_version,u1_0.username from wtms_user u1_0 left join refresh_token rt1_0 on u1_0.id=rt1_0.user_id where u1_0.username=?
2026-05-21 10:57:03.925 [AsyncResolver-bootstrap-executor-%d] [trace=,span=] INFO  com.netflix.discovery.shared.resolver.aws.ConfigClusterResolver - Resolving eureka endpoints via configuration
2026-05-21 11:01:40.851 [http-nio-8762-exec-5] [trace=,span=] DEBUG org.hibernate.SQL - select rt1_0.id,rt1_0.expiration_date,rt1_0.token,rt1_0.user_id,u1_0.id,u1_0.email,u1_0.is_blocked,u1_0.password,u1_0.role,u1_0.token_version,u1_0.username from refresh_token rt1_0 join wtms_user u1_0 on u1_0.id=rt1_0.user_id where rt1_0.token=?
2026-05-21 11:02:03.940 [AsyncResolver-bootstrap-executor-%d] [trace=,span=] INFO  com.netflix.discovery.shared.resolver.aws.ConfigClusterResolver - Resolving eureka endpoints via configuration
2026-05-21 11:07:03.961 [AsyncResolver-bootstrap-executor-%d] [trace=,span=] INFO  com.netflix.discovery.shared.resolver.aws.ConfigClusterResolver - Resolving eureka endpoints via configuration
2026-05-21 11:07:29.548 [http-nio-8762-exec-7] [trace=,span=] DEBUG org.hibernate.SQL - select u1_0.id,u1_0.email,u1_0.is_blocked,u1_0.password,rt1_0.id,rt1_0.expiration_date,rt1_0.token,rt1_0.user_id,u1_0.role,u1_0.token_version,u1_0.username from wtms_user u1_0 left join refresh_token rt1_0 on u1_0.id=rt1_0.user_id where u1_0.username=?
2026-05-21 11:07:29.674 [http-nio-8762-exec-7] [trace=,span=] DEBUG org.hibernate.SQL - update wtms_user set email=?,is_blocked=?,password=?,role=?,token_version=?,username=? where id=?
2026-05-21 11:12:03.989 [AsyncResolver-bootstrap-executor-%d] [trace=,span=] INFO  com.netflix.discovery.shared.resolver.aws.ConfigClusterResolver - Resolving eureka endpoints via configuration
2026-05-21 11:17:03.992 [AsyncResolver-bootstrap-executor-%d] [trace=,span=] INFO  com.netflix.discovery.shared.resolver.aws.ConfigClusterResolver - Resolving eureka endpoints via configuration
2026-05-21 11:20:45.283 [http-nio-8762-exec-9] [trace=,span=] DEBUG org.hibernate.SQL - select rt1_0.id,rt1_0.expiration_date,rt1_0.token,rt1_0.user_id,u1_0.id,u1_0.email,u1_0.is_blocked,u1_0.password,u1_0.role,u1_0.token_version,u1_0.username from refresh_token rt1_0 join wtms_user u1_0 on u1_0.id=rt1_0.user_id where rt1_0.token=?
2026-05-21 11:22:04.003 [AsyncResolver-bootstrap-executor-%d] [trace=,span=] INFO  com.netflix.discovery.shared.resolver.aws.ConfigClusterResolver - Resolving eureka endpoints via configuration
2026-05-21 11:27:04.010 [AsyncResolver-bootstrap-executor-%d] [trace=,span=] INFO  com.netflix.discovery.shared.resolver.aws.ConfigClusterResolver - Resolving eureka endpoints via configuration
2026-05-21 11:32:04.013 [AsyncResolver-bootstrap-executor-%d] [trace=,span=] INFO  com.netflix.discovery.shared.resolver.aws.ConfigClusterResolver - Resolving eureka endpoints via configuration
2026-05-21 11:37:04.021 [AsyncResolver-bootstrap-executor-%d] [trace=,span=] INFO  com.netflix.discovery.shared.resolver.aws.ConfigClusterResolver - Resolving eureka endpoints via configuration
2026-05-21 11:42:04.030 [AsyncResolver-bootstrap-executor-%d] [trace=,span=] INFO  com.netflix.discovery.shared.resolver.aws.ConfigClusterResolver - Resolving eureka endpoints via configuration
2026-05-21 11:47:04.034 [AsyncResolver-bootstrap-executor-%d] [trace=,span=] INFO  com.netflix.discovery.shared.resolver.aws.ConfigClusterResolver - Resolving eureka endpoints via configuration
2026-05-21 11:51:18.986 [http-nio-8762-exec-1] [trace=,span=] DEBUG org.hibernate.SQL - select rt1_0.id,rt1_0.expiration_date,rt1_0.token,rt1_0.user_id,u1_0.id,u1_0.email,u1_0.is_blocked,u1_0.password,u1_0.role,u1_0.token_version,u1_0.username from refresh_token rt1_0 join wtms_user u1_0 on u1_0.id=rt1_0.user_id where rt1_0.token=?
2026-05-21 11:52:04.037 [AsyncResolver-bootstrap-executor-%d] [trace=,span=] INFO  com.netflix.discovery.shared.resolver.aws.ConfigClusterResolver - Resolving eureka endpoints via configuration
2026-05-21 11:57:04.052 [AsyncResolver-bootstrap-executor-%d] [trace=,span=] INFO  com.netflix.discovery.shared.resolver.aws.ConfigClusterResolver - Resolving eureka endpoints via configuration
2026-05-21 12:02:04.060 [AsyncResolver-bootstrap-executor-%d] [trace=,span=] INFO  com.netflix.discovery.shared.resolver.aws.ConfigClusterResolver - Resolving eureka endpoints via configuration
2026-05-21 12:07:04.066 [AsyncResolver-bootstrap-executor-%d] [trace=,span=] INFO  com.netflix.discovery.shared.resolver.aws.ConfigClusterResolver - Resolving eureka endpoints via configuration
2026-05-21 12:12:04.073 [AsyncResolver-bootstrap-executor-%d] [trace=,span=] INFO  com.netflix.discovery.shared.resolver.aws.ConfigClusterResolver - Resolving eureka endpoints via configuration
2026-05-21 12:17:04.085 [AsyncResolver-bootstrap-executor-%d] [trace=,span=] INFO  com.netflix.discovery.shared.resolver.aws.ConfigClusterResolver - Resolving eureka endpoints via configuration
2026-05-21 12:22:04.098 [AsyncResolver-bootstrap-executor-%d] [trace=,span=] INFO  com.netflix.discovery.shared.resolver.aws.ConfigClusterResolver - Resolving eureka endpoints via configuration
2026-05-21 12:27:04.112 [AsyncResolver-bootstrap-executor-%d] [trace=,span=] INFO  com.netflix.discovery.shared.resolver.aws.ConfigClusterResolver - Resolving eureka endpoints via configuration
2026-05-21 12:32:04.114 [AsyncResolver-bootstrap-executor-%d] [trace=,span=] INFO  com.netflix.discovery.shared.resolver.aws.ConfigClusterResolver - Resolving eureka endpoints via configuration
2026-05-21 12:37:04.124 [AsyncResolver-bootstrap-executor-%d] [trace=,span=] INFO  com.netflix.discovery.shared.resolver.aws.ConfigClusterResolver - Resolving eureka endpoints via configuration
2026-05-21 12:42:04.142 [AsyncResolver-bootstrap-executor-%d] [trace=,span=] INFO  com.netflix.discovery.shared.resolver.aws.ConfigClusterResolver - Resolving eureka endpoints via configuration
2026-05-21 12:47:04.144 [AsyncResolver-bootstrap-executor-%d] [trace=,span=] INFO  com.netflix.discovery.shared.resolver.aws.ConfigClusterResolver - Resolving eureka endpoints via configuration
2026-05-21 12:52:04.163 [AsyncResolver-bootstrap-executor-%d] [trace=,span=] INFO  com.netflix.discovery.shared.resolver.aws.ConfigClusterResolver - Resolving eureka endpoints via configuration
2026-05-21 12:52:07.834 [http-nio-8762-exec-3] [trace=,span=] WARN  com.yasirkhan.auth.exceptions.GlobalExceptionHandler - JWT validation failed: JWT expired 3348664 milliseconds ago at 2026-05-21T06:56:19.000Z. Current time: 2026-05-21T07:52:07.664Z. Allowed clock skew: 0 milliseconds.
2026-05-21 12:52:28.779 [http-nio-8762-exec-4] [trace=,span=] ERROR com.yasirkhan.auth.exceptions.GlobalExceptionHandler - Unhandled system exception occurred!
org.springframework.http.converter.HttpMessageNotReadableException: I/O error while reading input message
	at org.springframework.web.servlet.mvc.method.annotation.AbstractMessageConverterMethodArgumentResolver.readWithMessageConverters(AbstractMessageConverterMethodArgumentResolver.java:222)
	at org.springframework.web.servlet.mvc.method.annotation.RequestResponseBodyMethodProcessor.readWithMessageConverters(RequestResponseBodyMethodProcessor.java:181)
	at org.springframework.web.servlet.mvc.method.annotation.RequestResponseBodyMethodProcessor.resolveArgument(RequestResponseBodyMethodProcessor.java:156)
	at org.springframework.web.method.support.HandlerMethodArgumentResolverComposite.resolveArgument(HandlerMethodArgumentResolverComposite.java:122)
	at org.springframework.web.method.support.InvocableHandlerMethod.getMethodArgumentValues(InvocableHandlerMethod.java:224)
	at org.springframework.web.method.support.InvocableHandlerMethod.invokeForRequest(InvocableHandlerMethod.java:174)
	at org.springframework.web.servlet.mvc.method.annotation.ServletInvocableHandlerMethod.invokeAndHandle(ServletInvocableHandlerMethod.java:117)
	at org.springframework.web.servlet.mvc.method.annotation.RequestMappingHandlerAdapter.invokeHandlerMethod(RequestMappingHandlerAdapter.java:934)
	at org.springframework.web.servlet.mvc.method.annotation.RequestMappingHandlerAdapter.handleInternal(RequestMappingHandlerAdapter.java:853)
	at org.springframework.web.servlet.mvc.method.AbstractHandlerMethodAdapter.handle(AbstractHandlerMethodAdapter.java:86)
	at org.springframework.web.servlet.DispatcherServlet.doDispatch(DispatcherServlet.java:963)
	at org.springframework.web.servlet.DispatcherServlet.doService(DispatcherServlet.java:866)
	at org.springframework.web.servlet.FrameworkServlet.processRequest(FrameworkServlet.java:1000)
	at org.springframework.web.servlet.FrameworkServlet.doPost(FrameworkServlet.java:903)
	at jakarta.servlet.http.HttpServlet.service(HttpServlet.java:649)
	at org.springframework.web.servlet.FrameworkServlet.service(FrameworkServlet.java:874)
	at jakarta.servlet.http.HttpServlet.service(HttpServlet.java:710)
	at org.apache.catalina.core.ApplicationFilterChain.doFilter(ApplicationFilterChain.java:128)
	at org.apache.tomcat.websocket.server.WsFilter.doFilter(WsFilter.java:53)
	at org.apache.catalina.core.ApplicationFilterChain.doFilter(ApplicationFilterChain.java:107)
	at org.springframework.web.filter.OncePerRequestFilter.doFilter(OncePerRequestFilter.java:101)
	at org.apache.catalina.core.ApplicationFilterChain.doFilter(ApplicationFilterChain.java:107)
	at org.springframework.web.filter.CompositeFilter$VirtualFilterChain.doFilter(CompositeFilter.java:108)
	at org.springframework.security.web.FilterChainProxy.lambda$doFilterInternal$3(FilterChainProxy.java:235)
	at org.springframework.security.web.ObservationFilterChainDecorator$FilterObservation$SimpleFilterObservation.lambda$wrap$1(ObservationFilterChainDecorator.java:493)
	at org.springframework.security.web.ObservationFilterChainDecorator$AroundFilterObservation$SimpleAroundFilterObservation.lambda$wrap$1(ObservationFilterChainDecorator.java:354)
	at org.springframework.security.web.ObservationFilterChainDecorator.lambda$wrapSecured$0(ObservationFilterChainDecorator.java:86)
	at org.springframework.security.web.ObservationFilterChainDecorator$VirtualFilterChain.doFilter(ObservationFilterChainDecorator.java:132)
	at org.springframework.security.web.access.intercept.AuthorizationFilter.doFilter(AuthorizationFilter.java:101)
	at org.springframework.security.web.ObservationFilterChainDecorator$ObservationFilter.wrapFilter(ObservationFilterChainDecorator.java:244)
	at org.springframework.security.web.ObservationFilterChainDecorator$ObservationFilter.doFilter(ObservationFilterChainDecorator.java:231)
	at org.springframework.security.web.ObservationFilterChainDecorator$VirtualFilterChain.doFilter(ObservationFilterChainDecorator.java:141)
	at org.springframework.security.web.access.ExceptionTranslationFilter.doFilter(ExceptionTranslationFilter.java:126)
	at org.springframework.security.web.access.ExceptionTranslationFilter.doFilter(ExceptionTranslationFilter.java:120)
	at org.springframework.security.web.ObservationFilterChainDecorator$ObservationFilter.wrapFilter(ObservationFilterChainDecorator.java:244)
	at org.springframework.security.web.ObservationFilterChainDecorator$ObservationFilter.doFilter(ObservationFilterChainDecorator.java:231)
	at org.springframework.security.web.ObservationFilterChainDecorator$VirtualFilterChain.doFilter(ObservationFilterChainDecorator.java:141)
	at org.springframework.security.web.session.SessionManagementFilter.doFilter(SessionManagementFilter.java:132)
	at org.springframework.security.web.session.SessionManagementFilter.doFilter(SessionManagementFilter.java:86)
	at org.springframework.security.web.ObservationFilterChainDecorator$ObservationFilter.wrapFilter(ObservationFilterChainDecorator.java:244)
	at org.springframework.security.web.ObservationFilterChainDecorator$ObservationFilter.doFilter(ObservationFilterChainDecorator.java:231)
	at org.springframework.security.web.ObservationFilterChainDecorator$VirtualFilterChain.doFilter(ObservationFilterChainDecorator.java:141)
	at org.springframework.security.web.authentication.AnonymousAuthenticationFilter.doFilter(AnonymousAuthenticationFilter.java:100)
	at org.springframework.security.web.ObservationFilterChainDecorator$ObservationFilter.wrapFilter(ObservationFilterChainDecorator.java:244)
	at org.springframework.security.web.ObservationFilterChainDecorator$ObservationFilter.doFilter(ObservationFilterChainDecorator.java:231)
	at org.springframework.security.web.ObservationFilterChainDecorator$VirtualFilterChain.doFilter(ObservationFilterChainDecorator.java:141)
	at org.springframework.security.web.servletapi.SecurityContextHolderAwareRequestFilter.doFilter(SecurityContextHolderAwareRequestFilter.java:181)
	at org.springframework.security.web.ObservationFilterChainDecorator$ObservationFilter.wrapFilter(ObservationFilterChainDecorator.java:244)
	at org.springframework.security.web.ObservationFilterChainDecorator$ObservationFilter.doFilter(ObservationFilterChainDecorator.java:231)
	at org.springframework.security.web.ObservationFilterChainDecorator$VirtualFilterChain.doFilter(ObservationFilterChainDecorator.java:141)
	at org.springframework.security.web.savedrequest.RequestCacheAwareFilter.doFilter(RequestCacheAwareFilter.java:63)
	at org.springframework.security.web.ObservationFilterChainDecorator$ObservationFilter.wrapFilter(ObservationFilterChainDecorator.java:244)
	at org.springframework.security.web.ObservationFilterChainDecorator$ObservationFilter.doFilter(ObservationFilterChainDecorator.java:231)
	at org.springframework.security.web.ObservationFilterChainDecorator$VirtualFilterChain.doFilter(ObservationFilterChainDecorator.java:141)
	at org.springframework.web.filter.OncePerRequestFilter.doFilter(OncePerRequestFilter.java:101)
	at org.springframework.security.web.ObservationFilterChainDecorator$ObservationFilter.wrapFilter(ObservationFilterChainDecorator.java:244)
	at org.springframework.security.web.ObservationFilterChainDecorator$ObservationFilter.doFilter(ObservationFilterChainDecorator.java:231)
	at org.springframework.security.web.ObservationFilterChainDecorator$VirtualFilterChain.doFilter(ObservationFilterChainDecorator.java:141)
	at org.springframework.security.web.authentication.logout.LogoutFilter.doFilter(LogoutFilter.java:110)
	at org.springframework.security.web.authentication.logout.LogoutFilter.doFilter(LogoutFilter.java:96)
	at org.springframework.security.web.ObservationFilterChainDecorator$ObservationFilter.wrapFilter(ObservationFilterChainDecorator.java:244)
	at org.springframework.security.web.ObservationFilterChainDecorator$ObservationFilter.doFilter(ObservationFilterChainDecorator.java:231)
	at org.springframework.security.web.ObservationFilterChainDecorator$VirtualFilterChain.doFilter(ObservationFilterChainDecorator.java:141)
	at org.springframework.security.web.header.HeaderWriterFilter.doHeadersAfter(HeaderWriterFilter.java:90)
	at org.springframework.security.web.header.HeaderWriterFilter.doFilterInternal(HeaderWriterFilter.java:75)
	at org.springframework.web.filter.OncePerRequestFilter.doFilter(OncePerRequestFilter.java:116)
	at org.springframework.security.web.ObservationFilterChainDecorator$ObservationFilter.wrapFilter(ObservationFilterChainDecorator.java:244)
	at org.springframework.security.web.ObservationFilterChainDecorator$ObservationFilter.doFilter(ObservationFilterChainDecorator.java:231)
	at org.springframework.security.web.ObservationFilterChainDecorator$VirtualFilterChain.doFilter(ObservationFilterChainDecorator.java:141)
	at org.springframework.security.web.context.SecurityContextHolderFilter.doFilter(SecurityContextHolderFilter.java:82)
	at org.springframework.security.web.context.SecurityContextHolderFilter.doFilter(SecurityContextHolderFilter.java:69)
	at org.springframework.security.web.ObservationFilterChainDecorator$ObservationFilter.wrapFilter(ObservationFilterChainDecorator.java:244)
	at org.springframework.security.web.ObservationFilterChainDecorator$ObservationFilter.doFilter(ObservationFilterChainDecorator.java:231)
	at org.springframework.security.web.ObservationFilterChainDecorator$VirtualFilterChain.doFilter(ObservationFilterChainDecorator.java:141)
	at org.springframework.security.web.context.request.async.WebAsyncManagerIntegrationFilter.doFilterInternal(WebAsyncManagerIntegrationFilter.java:62)
	at org.springframework.web.filter.OncePerRequestFilter.doFilter(OncePerRequestFilter.java:116)
	at org.springframework.security.web.ObservationFilterChainDecorator$ObservationFilter.wrapFilter(ObservationFilterChainDecorator.java:244)
	at org.springframework.security.web.ObservationFilterChainDecorator$ObservationFilter.doFilter(ObservationFilterChainDecorator.java:231)
	at org.springframework.security.web.ObservationFilterChainDecorator$VirtualFilterChain.doFilter(ObservationFilterChainDecorator.java:141)
	at org.springframework.security.web.session.DisableEncodeUrlFilter.doFilterInternal(DisableEncodeUrlFilter.java:42)
	at org.springframework.web.filter.OncePerRequestFilter.doFilter(OncePerRequestFilter.java:116)
	at org.springframework.security.web.ObservationFilterChainDecorator$ObservationFilter.wrapFilter(ObservationFilterChainDecorator.java:244)
	at org.springframework.security.web.ObservationFilterChainDecorator$AroundFilterObservation$SimpleAroundFilterObservation.lambda$wrap$0(ObservationFilterChainDecorator.java:337)
	at org.springframework.security.web.ObservationFilterChainDecorator$ObservationFilter.doFilter(ObservationFilterChainDecorator.java:228)
	at org.springframework.security.web.ObservationFilterChainDecorator$VirtualFilterChain.doFilter(ObservationFilterChainDecorator.java:141)
	at org.springframework.security.web.FilterChainProxy.doFilterInternal(FilterChainProxy.java:237)
	at org.springframework.security.web.FilterChainProxy.doFilter(FilterChainProxy.java:195)
	at org.springframework.web.filter.CompositeFilter$VirtualFilterChain.doFilter(CompositeFilter.java:113)
	at org.springframework.web.filter.ServletRequestPathFilter.doFilter(ServletRequestPathFilter.java:52)
	at org.springframework.web.filter.CompositeFilter$VirtualFilterChain.doFilter(CompositeFilter.java:113)
	at org.springframework.web.filter.CompositeFilter.doFilter(CompositeFilter.java:74)
	at org.springframework.security.config.annotation.web.configuration.WebSecurityConfiguration$CompositeFilterChainProxy.doFilter(WebSecurityConfiguration.java:317)
	at org.springframework.web.filter.DelegatingFilterProxy.invokeDelegate(DelegatingFilterProxy.java:355)
	at org.springframework.web.filter.DelegatingFilterProxy.doFilter(DelegatingFilterProxy.java:272)
	at org.apache.catalina.core.ApplicationFilterChain.doFilter(ApplicationFilterChain.java:107)
	at org.springframework.web.filter.RequestContextFilter.doFilterInternal(RequestContextFilter.java:100)
	at org.springframework.web.filter.OncePerRequestFilter.doFilter(OncePerRequestFilter.java:116)
	at org.apache.catalina.core.ApplicationFilterChain.doFilter(ApplicationFilterChain.java:107)
	at org.springframework.web.filter.FormContentFilter.doFilterInternal(FormContentFilter.java:93)
	at org.springframework.web.filter.OncePerRequestFilter.doFilter(OncePerRequestFilter.java:116)
	at org.apache.catalina.core.ApplicationFilterChain.doFilter(ApplicationFilterChain.java:107)
	at org.springframework.web.filter.ServerHttpObservationFilter.doFilterInternal(ServerHttpObservationFilter.java:110)
	at org.springframework.web.filter.OncePerRequestFilter.doFilter(OncePerRequestFilter.java:116)
	at org.apache.catalina.core.ApplicationFilterChain.doFilter(ApplicationFilterChain.java:107)
	at org.springframework.web.filter.CharacterEncodingFilter.doFilterInternal(CharacterEncodingFilter.java:199)
	at org.springframework.web.filter.OncePerRequestFilter.doFilter(OncePerRequestFilter.java:116)
	at org.apache.catalina.core.ApplicationFilterChain.doFilter(ApplicationFilterChain.java:107)
	at org.apache.catalina.core.StandardWrapperValve.invoke(StandardWrapperValve.java:165)
	at org.apache.catalina.core.StandardContextValve.invoke(StandardContextValve.java:77)
	at org.apache.catalina.authenticator.AuthenticatorBase.invoke(AuthenticatorBase.java:492)
	at org.apache.catalina.core.StandardHostValve.invoke(StandardHostValve.java:113)
	at org.apache.catalina.valves.ErrorReportValve.invoke(ErrorReportValve.java:83)
	at org.apache.catalina.core.StandardEngineValve.invoke(StandardEngineValve.java:72)
	at org.apache.catalina.connector.CoyoteAdapter.service(CoyoteAdapter.java:341)
	at org.apache.coyote.http11.Http11Processor.service(Http11Processor.java:397)
	at org.apache.coyote.AbstractProcessorLight.process(AbstractProcessorLight.java:63)
	at org.apache.coyote.AbstractProtocol$ConnectionHandler.process(AbstractProtocol.java:1272)
	at org.apache.tomcat.util.net.NioEndpoint$SocketProcessor.doRun(NioEndpoint.java:1801)
	at org.apache.tomcat.util.net.SocketProcessorBase.run(SocketProcessorBase.java:52)
	at org.apache.tomcat.util.threads.ThreadPoolExecutor.runWorker(ThreadPoolExecutor.java:946)
	at org.apache.tomcat.util.threads.ThreadPoolExecutor$Worker.run(ThreadPoolExecutor.java:480)
	at org.apache.tomcat.util.threads.TaskThread$WrappingRunnable.run(TaskThread.java:57)
	at java.base/java.lang.Thread.run(Thread.java:842)
Caused by: org.apache.catalina.connector.ClientAbortException: java.io.EOFException
	at org.apache.catalina.connector.InputBuffer.realReadBytes(InputBuffer.java:303)
	at org.apache.catalina.connector.InputBuffer.checkByteBufferEof(InputBuffer.java:590)
	at org.apache.catalina.connector.InputBuffer.readByte(InputBuffer.java:338)
	at org.apache.catalina.connector.CoyoteInputStream.read(CoyoteInputStream.java:64)
	at java.base/java.io.FilterInputStream.read(FilterInputStream.java:82)
	at java.base/java.io.PushbackInputStream.read(PushbackInputStream.java:135)
	at org.springframework.web.servlet.mvc.method.annotation.AbstractMessageConverterMethodArgumentResolver$EmptyBodyCheckingHttpInputMessage.<init>(AbstractMessageConverterMethodArgumentResolver.java:371)
	at org.springframework.web.servlet.mvc.method.annotation.AbstractMessageConverterMethodArgumentResolver.readWithMessageConverters(AbstractMessageConverterMethodArgumentResolver.java:177)
	... 122 more
Caused by: java.io.EOFException
	at org.apache.tomcat.util.net.NioEndpoint$NioSocketWrapper.fillReadBuffer(NioEndpoint.java:1313)
	at org.apache.tomcat.util.net.NioEndpoint$NioSocketWrapper.read(NioEndpoint.java:1223)
	at org.apache.coyote.http11.Http11InputBuffer.fill(Http11InputBuffer.java:776)
	at org.apache.coyote.http11.Http11InputBuffer$SocketInputBuffer.doRead(Http11InputBuffer.java:829)
	at org.apache.coyote.http11.filters.IdentityInputFilter.doRead(IdentityInputFilter.java:94)
	at org.apache.coyote.http11.Http11InputBuffer.doRead(Http11InputBuffer.java:229)
	at org.apache.coyote.Request.doRead(Request.java:685)
	at org.apache.catalina.connector.InputBuffer.realReadBytes(InputBuffer.java:294)
	... 129 more
2026-05-21 12:52:31.248 [http-nio-8762-exec-5] [trace=,span=] WARN  com.yasirkhan.auth.exceptions.GlobalExceptionHandler - JWT validation failed: JWT expired 3372248 milliseconds ago at 2026-05-21T06:56:19.000Z. Current time: 2026-05-21T07:52:31.248Z. Allowed clock skew: 0 milliseconds.
2026-05-21 12:52:32.633 [http-nio-8762-exec-6] [trace=,span=] DEBUG org.hibernate.SQL - select rt1_0.id,rt1_0.expiration_date,rt1_0.token,rt1_0.user_id,u1_0.id,u1_0.email,u1_0.is_blocked,u1_0.password,u1_0.role,u1_0.token_version,u1_0.username from refresh_token rt1_0 join wtms_user u1_0 on u1_0.id=rt1_0.user_id where rt1_0.token=?
2026-05-21 12:52:37.924 [http-nio-8762-exec-7] [trace=,span=] DEBUG org.hibernate.SQL - select u1_0.id,u1_0.email,u1_0.is_blocked,u1_0.password,rt1_0.id,rt1_0.expiration_date,rt1_0.token,rt1_0.user_id,u1_0.role,u1_0.token_version,u1_0.username from wtms_user u1_0 left join refresh_token rt1_0 on u1_0.id=rt1_0.user_id where u1_0.username=?
2026-05-21 12:54:04.961 [http-nio-8762-exec-9] [trace=,span=] DEBUG org.hibernate.SQL - select u1_0.id,u1_0.email,u1_0.is_blocked,u1_0.password,rt1_0.id,rt1_0.expiration_date,rt1_0.token,rt1_0.user_id,u1_0.role,u1_0.token_version,u1_0.username from wtms_user u1_0 left join refresh_token rt1_0 on u1_0.id=rt1_0.user_id where u1_0.username=?
2026-05-21 12:55:27.396 [http-nio-8762-exec-1] [trace=,span=] DEBUG org.hibernate.SQL - select u1_0.id,u1_0.email,u1_0.is_blocked,u1_0.password,rt1_0.id,rt1_0.expiration_date,rt1_0.token,rt1_0.user_id,u1_0.role,u1_0.token_version,u1_0.username from wtms_user u1_0 left join refresh_token rt1_0 on u1_0.id=rt1_0.user_id where u1_0.username=?
2026-05-21 12:57:04.175 [AsyncResolver-bootstrap-executor-%d] [trace=,span=] INFO  com.netflix.discovery.shared.resolver.aws.ConfigClusterResolver - Resolving eureka endpoints via configuration
2026-05-21 13:02:04.197 [AsyncResolver-bootstrap-executor-%d] [trace=,span=] INFO  com.netflix.discovery.shared.resolver.aws.ConfigClusterResolver - Resolving eureka endpoints via configuration
2026-05-21 13:05:00.176 [http-nio-8762-exec-3] [trace=,span=] WARN  com.yasirkhan.auth.exceptions.GlobalExceptionHandler - JWT validation failed: JWT expired 448167 milliseconds ago at 2026-05-21T07:57:32.000Z. Current time: 2026-05-21T08:05:00.167Z. Allowed clock skew: 0 milliseconds.
2026-05-21 13:05:01.383 [http-nio-8762-exec-4] [trace=,span=] DEBUG org.hibernate.SQL - select rt1_0.id,rt1_0.expiration_date,rt1_0.token,rt1_0.user_id,u1_0.id,u1_0.email,u1_0.is_blocked,u1_0.password,u1_0.role,u1_0.token_version,u1_0.username from refresh_token rt1_0 join wtms_user u1_0 on u1_0.id=rt1_0.user_id where rt1_0.token=?
2026-05-21 13:05:03.537 [http-nio-8762-exec-5] [trace=,span=] DEBUG org.hibernate.SQL - select u1_0.id,u1_0.email,u1_0.is_blocked,u1_0.password,rt1_0.id,rt1_0.expiration_date,rt1_0.token,rt1_0.user_id,u1_0.role,u1_0.token_version,u1_0.username from wtms_user u1_0 left join refresh_token rt1_0 on u1_0.id=rt1_0.user_id where u1_0.username=?
2026-05-21 13:07:04.211 [AsyncResolver-bootstrap-executor-%d] [trace=,span=] INFO  com.netflix.discovery.shared.resolver.aws.ConfigClusterResolver - Resolving eureka endpoints via configuration
2026-05-21 13:07:34.913 [http-nio-8762-exec-7] [trace=,span=] DEBUG org.hibernate.SQL - select u1_0.id,u1_0.email,u1_0.is_blocked,u1_0.password,rt1_0.id,rt1_0.expiration_date,rt1_0.token,rt1_0.user_id,u1_0.role,u1_0.token_version,u1_0.username from wtms_user u1_0 left join refresh_token rt1_0 on u1_0.id=rt1_0.user_id where u1_0.username=?
2026-05-21 13:09:32.764 [http-nio-8762-exec-9] [trace=,span=] DEBUG org.hibernate.SQL - select u1_0.id,u1_0.email,u1_0.is_blocked,u1_0.password,rt1_0.id,rt1_0.expiration_date,rt1_0.token,rt1_0.user_id,u1_0.role,u1_0.token_version,u1_0.username from wtms_user u1_0 left join refresh_token rt1_0 on u1_0.id=rt1_0.user_id where u1_0.username=?
2026-05-21 13:12:04.212 [AsyncResolver-bootstrap-executor-%d] [trace=,span=] INFO  com.netflix.discovery.shared.resolver.aws.ConfigClusterResolver - Resolving eureka endpoints via configuration
2026-05-21 13:17:04.228 [AsyncResolver-bootstrap-executor-%d] [trace=,span=] INFO  com.netflix.discovery.shared.resolver.aws.ConfigClusterResolver - Resolving eureka endpoints via configuration
2026-05-21 13:22:04.240 [AsyncResolver-bootstrap-executor-%d] [trace=,span=] INFO  com.netflix.discovery.shared.resolver.aws.ConfigClusterResolver - Resolving eureka endpoints via configuration
2026-05-21 13:27:04.250 [AsyncResolver-bootstrap-executor-%d] [trace=,span=] INFO  com.netflix.discovery.shared.resolver.aws.ConfigClusterResolver - Resolving eureka endpoints via configuration
2026-05-21 13:32:04.272 [AsyncResolver-bootstrap-executor-%d] [trace=,span=] INFO  com.netflix.discovery.shared.resolver.aws.ConfigClusterResolver - Resolving eureka endpoints via configuration
2026-05-21 13:33:31.187 [http-nio-8762-exec-1] [trace=,span=] WARN  com.yasirkhan.auth.exceptions.GlobalExceptionHandler - JWT validation failed: JWT expired 1410155 milliseconds ago at 2026-05-21T08:10:01.000Z. Current time: 2026-05-21T08:33:31.155Z. Allowed clock skew: 0 milliseconds.
2026-05-21 13:33:32.409 [http-nio-8762-exec-2] [trace=,span=] DEBUG org.hibernate.SQL - select rt1_0.id,rt1_0.expiration_date,rt1_0.token,rt1_0.user_id,u1_0.id,u1_0.email,u1_0.is_blocked,u1_0.password,u1_0.role,u1_0.token_version,u1_0.username from refresh_token rt1_0 join wtms_user u1_0 on u1_0.id=rt1_0.user_id where rt1_0.token=?
2026-05-21 13:33:33.088 [http-nio-8762-exec-3] [trace=,span=] DEBUG org.hibernate.SQL - select u1_0.id,u1_0.email,u1_0.is_blocked,u1_0.password,rt1_0.id,rt1_0.expiration_date,rt1_0.token,rt1_0.user_id,u1_0.role,u1_0.token_version,u1_0.username from wtms_user u1_0 left join refresh_token rt1_0 on u1_0.id=rt1_0.user_id where u1_0.username=?
2026-05-21 13:36:50.756 [http-nio-8762-exec-5] [trace=,span=] DEBUG org.hibernate.SQL - select u1_0.id,u1_0.email,u1_0.is_blocked,u1_0.password,rt1_0.id,rt1_0.expiration_date,rt1_0.token,rt1_0.user_id,u1_0.role,u1_0.token_version,u1_0.username from wtms_user u1_0 left join refresh_token rt1_0 on u1_0.id=rt1_0.user_id where u1_0.username=?
2026-05-21 13:37:04.288 [AsyncResolver-bootstrap-executor-%d] [trace=,span=] INFO  com.netflix.discovery.shared.resolver.aws.ConfigClusterResolver - Resolving eureka endpoints via configuration
2026-05-21 13:38:42.974 [http-nio-8762-exec-7] [trace=,span=] WARN  com.yasirkhan.auth.exceptions.GlobalExceptionHandler - JWT validation failed: JWT expired 10974 milliseconds ago at 2026-05-21T08:38:32.000Z. Current time: 2026-05-21T08:38:42.974Z. Allowed clock skew: 0 milliseconds.
2026-05-21 13:38:43.629 [http-nio-8762-exec-8] [trace=,span=] DEBUG org.hibernate.SQL - select rt1_0.id,rt1_0.expiration_date,rt1_0.token,rt1_0.user_id,u1_0.id,u1_0.email,u1_0.is_blocked,u1_0.password,u1_0.role,u1_0.token_version,u1_0.username from refresh_token rt1_0 join wtms_user u1_0 on u1_0.id=rt1_0.user_id where rt1_0.token=?
2026-05-21 13:38:44.018 [http-nio-8762-exec-9] [trace=,span=] DEBUG org.hibernate.SQL - select u1_0.id,u1_0.email,u1_0.is_blocked,u1_0.password,rt1_0.id,rt1_0.expiration_date,rt1_0.token,rt1_0.user_id,u1_0.role,u1_0.token_version,u1_0.username from wtms_user u1_0 left join refresh_token rt1_0 on u1_0.id=rt1_0.user_id where u1_0.username=?
2026-05-21 13:41:28.693 [http-nio-8762-exec-1] [trace=,span=] DEBUG org.hibernate.SQL - select u1_0.id,u1_0.email,u1_0.is_blocked,u1_0.password,rt1_0.id,rt1_0.expiration_date,rt1_0.token,rt1_0.user_id,u1_0.role,u1_0.token_version,u1_0.username from wtms_user u1_0 left join refresh_token rt1_0 on u1_0.id=rt1_0.user_id where u1_0.username=?
2026-05-21 13:42:04.300 [AsyncResolver-bootstrap-executor-%d] [trace=,span=] INFO  com.netflix.discovery.shared.resolver.aws.ConfigClusterResolver - Resolving eureka endpoints via configuration
2026-05-21 13:47:04.314 [AsyncResolver-bootstrap-executor-%d] [trace=,span=] INFO  com.netflix.discovery.shared.resolver.aws.ConfigClusterResolver - Resolving eureka endpoints via configuration
2026-05-21 13:52:04.325 [AsyncResolver-bootstrap-executor-%d] [trace=,span=] INFO  com.netflix.discovery.shared.resolver.aws.ConfigClusterResolver - Resolving eureka endpoints via configuration
2026-05-21 13:57:04.341 [AsyncResolver-bootstrap-executor-%d] [trace=,span=] INFO  com.netflix.discovery.shared.resolver.aws.ConfigClusterResolver - Resolving eureka endpoints via configuration
2026-05-21 13:59:40.205 [http-nio-8762-exec-3] [trace=,span=] DEBUG org.hibernate.SQL - select rt1_0.id,rt1_0.expiration_date,rt1_0.token,rt1_0.user_id,u1_0.id,u1_0.email,u1_0.is_blocked,u1_0.password,u1_0.role,u1_0.token_version,u1_0.username from refresh_token rt1_0 join wtms_user u1_0 on u1_0.id=rt1_0.user_id where rt1_0.token=?
2026-05-21 13:59:48.363 [http-nio-8762-exec-4] [trace=,span=] DEBUG org.hibernate.SQL - select u1_0.id,u1_0.email,u1_0.is_blocked,u1_0.password,rt1_0.id,rt1_0.expiration_date,rt1_0.token,rt1_0.user_id,u1_0.role,u1_0.token_version,u1_0.username from wtms_user u1_0 left join refresh_token rt1_0 on u1_0.id=rt1_0.user_id where u1_0.username=?
2026-05-21 14:02:04.352 [AsyncResolver-bootstrap-executor-%d] [trace=,span=] INFO  com.netflix.discovery.shared.resolver.aws.ConfigClusterResolver - Resolving eureka endpoints via configuration
2026-05-21 14:07:04.377 [AsyncResolver-bootstrap-executor-%d] [trace=,span=] INFO  com.netflix.discovery.shared.resolver.aws.ConfigClusterResolver - Resolving eureka endpoints via configuration
2026-05-21 14:12:04.408 [AsyncResolver-bootstrap-executor-%d] [trace=,span=] INFO  com.netflix.discovery.shared.resolver.aws.ConfigClusterResolver - Resolving eureka endpoints via configuration
2026-05-21 14:17:04.421 [AsyncResolver-bootstrap-executor-%d] [trace=,span=] INFO  com.netflix.discovery.shared.resolver.aws.ConfigClusterResolver - Resolving eureka endpoints via configuration
2026-05-21 14:22:04.446 [AsyncResolver-bootstrap-executor-%d] [trace=,span=] INFO  com.netflix.discovery.shared.resolver.aws.ConfigClusterResolver - Resolving eureka endpoints via configuration
2026-05-21 14:27:04.487 [AsyncResolver-bootstrap-executor-%d] [trace=,span=] INFO  com.netflix.discovery.shared.resolver.aws.ConfigClusterResolver - Resolving eureka endpoints via configuration
2026-05-21 14:32:04.508 [AsyncResolver-bootstrap-executor-%d] [trace=,span=] INFO  com.netflix.discovery.shared.resolver.aws.ConfigClusterResolver - Resolving eureka endpoints via configuration
2026-05-21 14:37:04.533 [AsyncResolver-bootstrap-executor-%d] [trace=,span=] INFO  com.netflix.discovery.shared.resolver.aws.ConfigClusterResolver - Resolving eureka endpoints via configuration
2026-05-21 14:41:35.914 [http-nio-8762-exec-6] [trace=,span=] WARN  com.yasirkhan.auth.exceptions.GlobalExceptionHandler - JWT validation failed: JWT expired 2215834 milliseconds ago at 2026-05-21T09:04:40.000Z. Current time: 2026-05-21T09:41:35.834Z. Allowed clock skew: 0 milliseconds.
2026-05-21 14:41:37.007 [http-nio-8762-exec-7] [trace=,span=] DEBUG org.hibernate.SQL - select rt1_0.id,rt1_0.expiration_date,rt1_0.token,rt1_0.user_id,u1_0.id,u1_0.email,u1_0.is_blocked,u1_0.password,u1_0.role,u1_0.token_version,u1_0.username from refresh_token rt1_0 join wtms_user u1_0 on u1_0.id=rt1_0.user_id where rt1_0.token=?
2026-05-21 14:41:37.608 [http-nio-8762-exec-8] [trace=,span=] DEBUG org.hibernate.SQL - select u1_0.id,u1_0.email,u1_0.is_blocked,u1_0.password,rt1_0.id,rt1_0.expiration_date,rt1_0.token,rt1_0.user_id,u1_0.role,u1_0.token_version,u1_0.username from wtms_user u1_0 left join refresh_token rt1_0 on u1_0.id=rt1_0.user_id where u1_0.username=?
2026-05-21 14:42:04.550 [AsyncResolver-bootstrap-executor-%d] [trace=,span=] INFO  com.netflix.discovery.shared.resolver.aws.ConfigClusterResolver - Resolving eureka endpoints via configuration
2026-05-21 14:43:34.146 [http-nio-8762-exec-10] [trace=,span=] DEBUG org.hibernate.SQL - select u1_0.id,u1_0.email,u1_0.is_blocked,u1_0.password,rt1_0.id,rt1_0.expiration_date,rt1_0.token,rt1_0.user_id,u1_0.role,u1_0.token_version,u1_0.username from wtms_user u1_0 left join refresh_token rt1_0 on u1_0.id=rt1_0.user_id where u1_0.username=?
2026-05-21 14:46:30.760 [http-nio-8762-exec-2] [trace=,span=] DEBUG org.hibernate.SQL - select u1_0.id,u1_0.email,u1_0.is_blocked,u1_0.password,rt1_0.id,rt1_0.expiration_date,rt1_0.token,rt1_0.user_id,u1_0.role,u1_0.token_version,u1_0.username from wtms_user u1_0 left join refresh_token rt1_0 on u1_0.id=rt1_0.user_id where u1_0.username=?
2026-05-21 14:46:44.232 [http-nio-8762-exec-3] [trace=,span=] DEBUG org.hibernate.SQL - select rt1_0.id,rt1_0.expiration_date,rt1_0.token,rt1_0.user_id,u1_0.id,u1_0.email,u1_0.is_blocked,u1_0.password,u1_0.role,u1_0.token_version,u1_0.username from refresh_token rt1_0 join wtms_user u1_0 on u1_0.id=rt1_0.user_id where rt1_0.token=?
2026-05-21 14:47:04.563 [AsyncResolver-bootstrap-executor-%d] [trace=,span=] INFO  com.netflix.discovery.shared.resolver.aws.ConfigClusterResolver - Resolving eureka endpoints via configuration
2026-05-21 14:47:20.005 [http-nio-8762-exec-4] [trace=,span=] DEBUG org.hibernate.SQL - select u1_0.id,u1_0.email,u1_0.is_blocked,u1_0.password,rt1_0.id,rt1_0.expiration_date,rt1_0.token,rt1_0.user_id,u1_0.role,u1_0.token_version,u1_0.username from wtms_user u1_0 left join refresh_token rt1_0 on u1_0.id=rt1_0.user_id where u1_0.username=?
2026-05-21 14:48:28.709 [http-nio-8762-exec-6] [trace=,span=] DEBUG org.hibernate.SQL - select u1_0.id,u1_0.email,u1_0.is_blocked,u1_0.password,rt1_0.id,rt1_0.expiration_date,rt1_0.token,rt1_0.user_id,u1_0.role,u1_0.token_version,u1_0.username from wtms_user u1_0 left join refresh_token rt1_0 on u1_0.id=rt1_0.user_id where u1_0.username=?
2026-05-21 14:50:40.096 [http-nio-8762-exec-8] [trace=,span=] DEBUG org.hibernate.SQL - select u1_0.id,u1_0.email,u1_0.is_blocked,u1_0.password,rt1_0.id,rt1_0.expiration_date,rt1_0.token,rt1_0.user_id,u1_0.role,u1_0.token_version,u1_0.username from wtms_user u1_0 left join refresh_token rt1_0 on u1_0.id=rt1_0.user_id where u1_0.username=?
2026-05-21 14:52:04.575 [AsyncResolver-bootstrap-executor-%d] [trace=,span=] INFO  com.netflix.discovery.shared.resolver.aws.ConfigClusterResolver - Resolving eureka endpoints via configuration
2026-05-21 14:56:12.821 [http-nio-8762-exec-10] [trace=,span=] WARN  com.yasirkhan.auth.exceptions.GlobalExceptionHandler - JWT validation failed: JWT expired 268764 milliseconds ago at 2026-05-21T09:51:44.000Z. Current time: 2026-05-21T09:56:12.764Z. Allowed clock skew: 0 milliseconds.
2026-05-21 14:56:17.727 [http-nio-8762-exec-1] [trace=,span=] DEBUG org.hibernate.SQL - select rt1_0.id,rt1_0.expiration_date,rt1_0.token,rt1_0.user_id,u1_0.id,u1_0.email,u1_0.is_blocked,u1_0.password,u1_0.role,u1_0.token_version,u1_0.username from refresh_token rt1_0 join wtms_user u1_0 on u1_0.id=rt1_0.user_id where rt1_0.token=?
2026-05-21 14:56:18.182 [http-nio-8762-exec-2] [trace=,span=] DEBUG org.hibernate.SQL - select u1_0.id,u1_0.email,u1_0.is_blocked,u1_0.password,rt1_0.id,rt1_0.expiration_date,rt1_0.token,rt1_0.user_id,u1_0.role,u1_0.token_version,u1_0.username from wtms_user u1_0 left join refresh_token rt1_0 on u1_0.id=rt1_0.user_id where u1_0.username=?
2026-05-21 14:56:53.761 [http-nio-8762-exec-3] [trace=,span=] DEBUG org.hibernate.SQL - select rt1_0.id,rt1_0.expiration_date,rt1_0.token,rt1_0.user_id,u1_0.id,u1_0.email,u1_0.is_blocked,u1_0.password,u1_0.role,u1_0.token_version,u1_0.username from refresh_token rt1_0 join wtms_user u1_0 on u1_0.id=rt1_0.user_id where rt1_0.token=?
2026-05-21 14:57:04.598 [AsyncResolver-bootstrap-executor-%d] [trace=,span=] INFO  com.netflix.discovery.shared.resolver.aws.ConfigClusterResolver - Resolving eureka endpoints via configuration
2026-05-21 14:57:24.643 [http-nio-8762-exec-4] [trace=,span=] DEBUG org.hibernate.SQL - select u1_0.id,u1_0.email,u1_0.is_blocked,u1_0.password,rt1_0.id,rt1_0.expiration_date,rt1_0.token,rt1_0.user_id,u1_0.role,u1_0.token_version,u1_0.username from wtms_user u1_0 left join refresh_token rt1_0 on u1_0.id=rt1_0.user_id where u1_0.username=?
2026-05-21 14:57:25.768 [http-nio-8762-exec-4] [trace=,span=] DEBUG org.hibernate.SQL - select u1_0.id,u1_0.email,u1_0.is_blocked,u1_0.password,rt1_0.id,rt1_0.expiration_date,rt1_0.token,rt1_0.user_id,u1_0.role,u1_0.token_version,u1_0.username from wtms_user u1_0 left join refresh_token rt1_0 on u1_0.id=rt1_0.user_id where u1_0.id=?
2026-05-21 14:57:28.648 [kafka-producer-network-thread | auth-service-producer-1] [trace=,span=] INFO  com.yasirkhan.auth.producers.UserEventProducer - SUCCESS: User Updated event sent for ID: 0055ae06-488b-47fe-b9f0-f506d8a5e15d (Partition: 0, Offset: 8)
2026-05-21 14:58:18.483 [http-nio-8762-exec-5] [trace=,span=] DEBUG org.hibernate.SQL - select u1_0.id,u1_0.email,u1_0.is_blocked,u1_0.password,rt1_0.id,rt1_0.expiration_date,rt1_0.token,rt1_0.user_id,u1_0.role,u1_0.token_version,u1_0.username from wtms_user u1_0 left join refresh_token rt1_0 on u1_0.id=rt1_0.user_id where u1_0.username=?
2026-05-21 14:58:18.495 [http-nio-8762-exec-5] [trace=,span=] DEBUG org.hibernate.SQL - select u1_0.id,u1_0.email,u1_0.is_blocked,u1_0.password,rt1_0.id,rt1_0.expiration_date,rt1_0.token,rt1_0.user_id,u1_0.role,u1_0.token_version,u1_0.username from wtms_user u1_0 left join refresh_token rt1_0 on u1_0.id=rt1_0.user_id where u1_0.id=?
2026-05-21 14:58:18.524 [kafka-producer-network-thread | auth-service-producer-1] [trace=,span=] INFO  com.yasirkhan.auth.producers.UserEventProducer - SUCCESS: User Updated event sent for ID: 0055ae06-488b-47fe-b9f0-f506d8a5e15d (Partition: 0, Offset: 9)
2026-05-21 14:59:07.228 [http-nio-8762-exec-6] [trace=,span=] DEBUG org.hibernate.SQL - select u1_0.id,u1_0.email,u1_0.is_blocked,u1_0.password,rt1_0.id,rt1_0.expiration_date,rt1_0.token,rt1_0.user_id,u1_0.role,u1_0.token_version,u1_0.username from wtms_user u1_0 left join refresh_token rt1_0 on u1_0.id=rt1_0.user_id where u1_0.username=?
2026-05-21 14:59:21.020 [http-nio-8762-exec-7] [trace=,span=] DEBUG org.hibernate.SQL - select u1_0.id,u1_0.email,u1_0.is_blocked,u1_0.password,rt1_0.id,rt1_0.expiration_date,rt1_0.token,rt1_0.user_id,u1_0.role,u1_0.token_version,u1_0.username from wtms_user u1_0 left join refresh_token rt1_0 on u1_0.id=rt1_0.user_id where u1_0.username=?
2026-05-21 14:59:21.032 [http-nio-8762-exec-7] [trace=,span=] DEBUG org.hibernate.SQL - select u1_0.id,u1_0.email,u1_0.is_blocked,u1_0.password,rt1_0.id,rt1_0.expiration_date,rt1_0.token,rt1_0.user_id,u1_0.role,u1_0.token_version,u1_0.username from wtms_user u1_0 left join refresh_token rt1_0 on u1_0.id=rt1_0.user_id where u1_0.id=?
2026-05-21 14:59:21.061 [kafka-producer-network-thread | auth-service-producer-1] [trace=,span=] INFO  com.yasirkhan.auth.producers.UserEventProducer - SUCCESS: User Updated event sent for ID: 0055ae06-488b-47fe-b9f0-f506d8a5e15d (Partition: 0, Offset: 10)
2026-05-21 14:59:38.422 [http-nio-8762-exec-8] [trace=,span=] DEBUG org.hibernate.SQL - select u1_0.id,u1_0.email,u1_0.is_blocked,u1_0.password,rt1_0.id,rt1_0.expiration_date,rt1_0.token,rt1_0.user_id,u1_0.role,u1_0.token_version,u1_0.username from wtms_user u1_0 left join refresh_token rt1_0 on u1_0.id=rt1_0.user_id where u1_0.username=?
2026-05-21 14:59:55.581 [http-nio-8762-exec-9] [trace=,span=] DEBUG org.hibernate.SQL - select u1_0.id,u1_0.email,u1_0.is_blocked,u1_0.password,rt1_0.id,rt1_0.expiration_date,rt1_0.token,rt1_0.user_id,u1_0.role,u1_0.token_version,u1_0.username from wtms_user u1_0 left join refresh_token rt1_0 on u1_0.id=rt1_0.user_id where u1_0.username=?
2026-05-21 14:59:55.655 [http-nio-8762-exec-9] [trace=,span=] DEBUG org.hibernate.SQL - select u1_0.id,u1_0.email,u1_0.is_blocked,u1_0.password,rt1_0.id,rt1_0.expiration_date,rt1_0.token,rt1_0.user_id,u1_0.role,u1_0.token_version,u1_0.username from wtms_user u1_0 left join refresh_token rt1_0 on u1_0.id=rt1_0.user_id where u1_0.id=?
2026-05-21 14:59:55.684 [kafka-producer-network-thread | auth-service-producer-1] [trace=,span=] INFO  com.yasirkhan.auth.producers.UserEventProducer - SUCCESS: User Updated event sent for ID: 0055ae06-488b-47fe-b9f0-f506d8a5e15d (Partition: 0, Offset: 11)
2026-05-21 15:02:04.647 [AsyncResolver-bootstrap-executor-%d] [trace=,span=] INFO  com.netflix.discovery.shared.resolver.aws.ConfigClusterResolver - Resolving eureka endpoints via configuration
2026-05-21 15:04:23.160 [http-nio-8762-exec-1] [trace=,span=] DEBUG org.hibernate.SQL - select rt1_0.id,rt1_0.expiration_date,rt1_0.token,rt1_0.user_id,u1_0.id,u1_0.email,u1_0.is_blocked,u1_0.password,u1_0.role,u1_0.token_version,u1_0.username from refresh_token rt1_0 join wtms_user u1_0 on u1_0.id=rt1_0.user_id where rt1_0.token=?
2026-05-21 15:07:04.691 [AsyncResolver-bootstrap-executor-%d] [trace=,span=] INFO  com.netflix.discovery.shared.resolver.aws.ConfigClusterResolver - Resolving eureka endpoints via configuration
2026-05-21 15:07:37.404 [http-nio-8762-exec-3] [trace=,span=] WARN  com.yasirkhan.auth.exceptions.GlobalExceptionHandler - JWT validation failed: JWT expired 380340 milliseconds ago at 2026-05-21T10:01:17.000Z. Current time: 2026-05-21T10:07:37.340Z. Allowed clock skew: 0 milliseconds.
2026-05-21 15:07:38.624 [http-nio-8762-exec-4] [trace=,span=] DEBUG org.hibernate.SQL - select rt1_0.id,rt1_0.expiration_date,rt1_0.token,rt1_0.user_id,u1_0.id,u1_0.email,u1_0.is_blocked,u1_0.password,u1_0.role,u1_0.token_version,u1_0.username from refresh_token rt1_0 join wtms_user u1_0 on u1_0.id=rt1_0.user_id where rt1_0.token=?
2026-05-21 15:07:39.530 [http-nio-8762-exec-5] [trace=,span=] DEBUG org.hibernate.SQL - select u1_0.id,u1_0.email,u1_0.is_blocked,u1_0.password,rt1_0.id,rt1_0.expiration_date,rt1_0.token,rt1_0.user_id,u1_0.role,u1_0.token_version,u1_0.username from wtms_user u1_0 left join refresh_token rt1_0 on u1_0.id=rt1_0.user_id where u1_0.username=?
2026-05-21 15:08:04.844 [http-nio-8762-exec-6] [trace=,span=] DEBUG org.hibernate.SQL - select u1_0.id,u1_0.email,u1_0.is_blocked,u1_0.password,rt1_0.id,rt1_0.expiration_date,rt1_0.token,rt1_0.user_id,u1_0.role,u1_0.token_version,u1_0.username from wtms_user u1_0 left join refresh_token rt1_0 on u1_0.id=rt1_0.user_id where u1_0.username=?
2026-05-21 15:08:04.914 [http-nio-8762-exec-6] [trace=,span=] DEBUG org.hibernate.SQL - select u1_0.id,u1_0.email,u1_0.is_blocked,u1_0.password,rt1_0.id,rt1_0.expiration_date,rt1_0.token,rt1_0.user_id,u1_0.role,u1_0.token_version,u1_0.username from wtms_user u1_0 left join refresh_token rt1_0 on u1_0.id=rt1_0.user_id where u1_0.id=?
2026-05-21 15:08:05.069 [kafka-producer-network-thread | auth-service-producer-1] [trace=,span=] INFO  com.yasirkhan.auth.producers.UserEventProducer - SUCCESS: User Updated event sent for ID: 0055ae06-488b-47fe-b9f0-f506d8a5e15d (Partition: 0, Offset: 12)
2026-05-21 15:10:09.827 [http-nio-8762-exec-8] [trace=,span=] DEBUG org.hibernate.SQL - select rt1_0.id,rt1_0.expiration_date,rt1_0.token,rt1_0.user_id,u1_0.id,u1_0.email,u1_0.is_blocked,u1_0.password,u1_0.role,u1_0.token_version,u1_0.username from refresh_token rt1_0 join wtms_user u1_0 on u1_0.id=rt1_0.user_id where rt1_0.token=?
2026-05-21 15:12:04.719 [AsyncResolver-bootstrap-executor-%d] [trace=,span=] INFO  com.netflix.discovery.shared.resolver.aws.ConfigClusterResolver - Resolving eureka endpoints via configuration
2026-05-21 15:15:13.417 [http-nio-8762-exec-10] [trace=,span=] DEBUG org.hibernate.SQL - select rt1_0.id,rt1_0.expiration_date,rt1_0.token,rt1_0.user_id,u1_0.id,u1_0.email,u1_0.is_blocked,u1_0.password,u1_0.role,u1_0.token_version,u1_0.username from refresh_token rt1_0 join wtms_user u1_0 on u1_0.id=rt1_0.user_id where rt1_0.token=?
2026-05-21 15:17:04.755 [AsyncResolver-bootstrap-executor-%d] [trace=,span=] INFO  com.netflix.discovery.shared.resolver.aws.ConfigClusterResolver - Resolving eureka endpoints via configuration
2026-05-21 15:22:04.795 [AsyncResolver-bootstrap-executor-%d] [trace=,span=] INFO  com.netflix.discovery.shared.resolver.aws.ConfigClusterResolver - Resolving eureka endpoints via configuration
2026-05-21 15:27:04.829 [AsyncResolver-bootstrap-executor-%d] [trace=,span=] INFO  com.netflix.discovery.shared.resolver.aws.ConfigClusterResolver - Resolving eureka endpoints via configuration
2026-05-21 15:31:55.053 [http-nio-8762-exec-2] [trace=,span=] DEBUG org.hibernate.SQL - select rt1_0.id,rt1_0.expiration_date,rt1_0.token,rt1_0.user_id,u1_0.id,u1_0.email,u1_0.is_blocked,u1_0.password,u1_0.role,u1_0.token_version,u1_0.username from refresh_token rt1_0 join wtms_user u1_0 on u1_0.id=rt1_0.user_id where rt1_0.token=?
2026-05-21 15:32:04.865 [AsyncResolver-bootstrap-executor-%d] [trace=,span=] INFO  com.netflix.discovery.shared.resolver.aws.ConfigClusterResolver - Resolving eureka endpoints via configuration
2026-05-21 15:37:04.900 [AsyncResolver-bootstrap-executor-%d] [trace=,span=] INFO  com.netflix.discovery.shared.resolver.aws.ConfigClusterResolver - Resolving eureka endpoints via configuration
2026-05-21 15:37:20.488 [http-nio-8762-exec-4] [trace=,span=] WARN  com.yasirkhan.auth.exceptions.GlobalExceptionHandler - JWT validation failed: JWT expired 1482447 milliseconds ago at 2026-05-21T10:12:38.000Z. Current time: 2026-05-21T10:37:20.447Z. Allowed clock skew: 0 milliseconds.
2026-05-21 15:37:22.132 [http-nio-8762-exec-5] [trace=,span=] DEBUG org.hibernate.SQL - select rt1_0.id,rt1_0.expiration_date,rt1_0.token,rt1_0.user_id,u1_0.id,u1_0.email,u1_0.is_blocked,u1_0.password,u1_0.role,u1_0.token_version,u1_0.username from refresh_token rt1_0 join wtms_user u1_0 on u1_0.id=rt1_0.user_id where rt1_0.token=?
2026-05-21 15:37:22.928 [http-nio-8762-exec-6] [trace=,span=] DEBUG org.hibernate.SQL - select u1_0.id,u1_0.email,u1_0.is_blocked,u1_0.password,rt1_0.id,rt1_0.expiration_date,rt1_0.token,rt1_0.user_id,u1_0.role,u1_0.token_version,u1_0.username from wtms_user u1_0 left join refresh_token rt1_0 on u1_0.id=rt1_0.user_id where u1_0.username=?
2026-05-21 15:39:19.767 [http-nio-8762-exec-8] [trace=,span=] DEBUG org.hibernate.SQL - select u1_0.id,u1_0.email,u1_0.is_blocked,u1_0.password,rt1_0.id,rt1_0.expiration_date,rt1_0.token,rt1_0.user_id,u1_0.role,u1_0.token_version,u1_0.username from wtms_user u1_0 left join refresh_token rt1_0 on u1_0.id=rt1_0.user_id where u1_0.username=?
2026-05-21 15:39:20.018 [http-nio-8762-exec-8] [trace=,span=] DEBUG org.hibernate.SQL - update wtms_user set email=?,is_blocked=?,password=?,role=?,token_version=?,username=? where id=?
2026-05-21 15:39:22.494 [http-nio-8762-exec-9] [trace=,span=] DEBUG org.hibernate.SQL - select u1_0.id,u1_0.email,u1_0.is_blocked,u1_0.password,rt1_0.id,rt1_0.expiration_date,rt1_0.token,rt1_0.user_id,u1_0.role,u1_0.token_version,u1_0.username from wtms_user u1_0 left join refresh_token rt1_0 on u1_0.id=rt1_0.user_id where u1_0.username=?
2026-05-21 15:39:54.332 [http-nio-8762-exec-10] [trace=,span=] DEBUG org.hibernate.SQL - select u1_0.id,u1_0.email,u1_0.is_blocked,u1_0.password,rt1_0.id,rt1_0.expiration_date,rt1_0.token,rt1_0.user_id,u1_0.role,u1_0.token_version,u1_0.username from wtms_user u1_0 left join refresh_token rt1_0 on u1_0.id=rt1_0.user_id where u1_0.username=?
2026-05-21 15:42:04.916 [AsyncResolver-bootstrap-executor-%d] [trace=,span=] INFO  com.netflix.discovery.shared.resolver.aws.ConfigClusterResolver - Resolving eureka endpoints via configuration
2026-05-21 15:42:16.887 [http-nio-8762-exec-2] [trace=,span=] DEBUG org.hibernate.SQL - select u1_0.id,u1_0.email,u1_0.is_blocked,u1_0.password,rt1_0.id,rt1_0.expiration_date,rt1_0.token,rt1_0.user_id,u1_0.role,u1_0.token_version,u1_0.username from wtms_user u1_0 left join refresh_token rt1_0 on u1_0.id=rt1_0.user_id where u1_0.username=?
2026-05-21 15:42:36.760 [http-nio-8762-exec-3] [trace=,span=] DEBUG org.hibernate.SQL - select u1_0.id,u1_0.email,u1_0.is_blocked,u1_0.password,rt1_0.id,rt1_0.expiration_date,rt1_0.token,rt1_0.user_id,u1_0.role,u1_0.token_version,u1_0.username from wtms_user u1_0 left join refresh_token rt1_0 on u1_0.id=rt1_0.user_id where u1_0.username=?
2026-05-21 15:47:04.930 [AsyncResolver-bootstrap-executor-%d] [trace=,span=] INFO  com.netflix.discovery.shared.resolver.aws.ConfigClusterResolver - Resolving eureka endpoints via configuration
2026-05-21 15:48:38.368 [http-nio-8762-exec-5] [trace=,span=] WARN  com.yasirkhan.auth.exceptions.GlobalExceptionHandler - JWT validation failed: JWT expired 258351 milliseconds ago at 2026-05-21T10:44:20.000Z. Current time: 2026-05-21T10:48:38.351Z. Allowed clock skew: 0 milliseconds.
2026-05-21 15:48:39.481 [http-nio-8762-exec-6] [trace=,span=] DEBUG org.hibernate.SQL - select rt1_0.id,rt1_0.expiration_date,rt1_0.token,rt1_0.user_id,u1_0.id,u1_0.email,u1_0.is_blocked,u1_0.password,u1_0.role,u1_0.token_version,u1_0.username from refresh_token rt1_0 join wtms_user u1_0 on u1_0.id=rt1_0.user_id where rt1_0.token=?
2026-05-21 15:48:40.069 [http-nio-8762-exec-7] [trace=,span=] DEBUG org.hibernate.SQL - select u1_0.id,u1_0.email,u1_0.is_blocked,u1_0.password,rt1_0.id,rt1_0.expiration_date,rt1_0.token,rt1_0.user_id,u1_0.role,u1_0.token_version,u1_0.username from wtms_user u1_0 left join refresh_token rt1_0 on u1_0.id=rt1_0.user_id where u1_0.username=?
2026-05-21 15:52:04.940 [AsyncResolver-bootstrap-executor-%d] [trace=,span=] INFO  com.netflix.discovery.shared.resolver.aws.ConfigClusterResolver - Resolving eureka endpoints via configuration
2026-05-21 15:55:07.366 [http-nio-8762-exec-9] [trace=,span=] WARN  com.yasirkhan.auth.exceptions.GlobalExceptionHandler - JWT validation failed: JWT expired 88359 milliseconds ago at 2026-05-21T10:53:39.000Z. Current time: 2026-05-21T10:55:07.359Z. Allowed clock skew: 0 milliseconds.
2026-05-21 15:55:09.915 [http-nio-8762-exec-10] [trace=,span=] DEBUG org.hibernate.SQL - select rt1_0.id,rt1_0.expiration_date,rt1_0.token,rt1_0.user_id,u1_0.id,u1_0.email,u1_0.is_blocked,u1_0.password,u1_0.role,u1_0.token_version,u1_0.username from refresh_token rt1_0 join wtms_user u1_0 on u1_0.id=rt1_0.user_id where rt1_0.token=?
2026-05-21 15:55:10.419 [http-nio-8762-exec-1] [trace=,span=] DEBUG org.hibernate.SQL - select u1_0.id,u1_0.email,u1_0.is_blocked,u1_0.password,rt1_0.id,rt1_0.expiration_date,rt1_0.token,rt1_0.user_id,u1_0.role,u1_0.token_version,u1_0.username from wtms_user u1_0 left join refresh_token rt1_0 on u1_0.id=rt1_0.user_id where u1_0.username=?
2026-05-21 15:55:16.627 [http-nio-8762-exec-2] [trace=,span=] DEBUG org.hibernate.SQL - select u1_0.id,u1_0.email,u1_0.is_blocked,u1_0.password,rt1_0.id,rt1_0.expiration_date,rt1_0.token,rt1_0.user_id,u1_0.role,u1_0.token_version,u1_0.username from wtms_user u1_0 left join refresh_token rt1_0 on u1_0.id=rt1_0.user_id where u1_0.username=?
2026-05-21 15:57:04.953 [AsyncResolver-bootstrap-executor-%d] [trace=,span=] INFO  com.netflix.discovery.shared.resolver.aws.ConfigClusterResolver - Resolving eureka endpoints via configuration
2026-05-21 15:57:10.112 [http-nio-8762-exec-4] [trace=,span=] DEBUG org.hibernate.SQL - select u1_0.id,u1_0.email,u1_0.is_blocked,u1_0.password,rt1_0.id,rt1_0.expiration_date,rt1_0.token,rt1_0.user_id,u1_0.role,u1_0.token_version,u1_0.username from wtms_user u1_0 left join refresh_token rt1_0 on u1_0.id=rt1_0.user_id where u1_0.username=?
2026-05-21 15:57:20.875 [http-nio-8762-exec-5] [trace=,span=] DEBUG org.hibernate.SQL - select u1_0.id,u1_0.email,u1_0.is_blocked,u1_0.password,rt1_0.id,rt1_0.expiration_date,rt1_0.token,rt1_0.user_id,u1_0.role,u1_0.token_version,u1_0.username from wtms_user u1_0 left join refresh_token rt1_0 on u1_0.id=rt1_0.user_id where u1_0.username=?
2026-05-21 15:57:20.904 [http-nio-8762-exec-5] [trace=,span=] DEBUG org.hibernate.SQL - select u1_0.id,u1_0.email,u1_0.is_blocked,u1_0.password,rt1_0.id,rt1_0.expiration_date,rt1_0.token,rt1_0.user_id,u1_0.role,u1_0.token_version,u1_0.username from wtms_user u1_0 left join refresh_token rt1_0 on u1_0.id=rt1_0.user_id where u1_0.id=?
2026-05-21 15:57:20.917 [http-nio-8762-exec-5] [trace=,span=] DEBUG org.hibernate.SQL - update wtms_user set email=?,is_blocked=?,password=?,role=?,token_version=?,username=? where id=?
2026-05-21 15:57:21.026 [kafka-producer-network-thread | auth-service-producer-1] [trace=,span=] INFO  com.yasirkhan.auth.producers.UserEventProducer - SUCCESS: User Status event sent for ID: 0055ae06-488b-47fe-b9f0-f506d8a5e15d (Partition: 0, Offset: 1)
2026-05-21 15:57:34.913 [http-nio-8762-exec-6] [trace=,span=] DEBUG org.hibernate.SQL - select u1_0.id,u1_0.email,u1_0.is_blocked,u1_0.password,rt1_0.id,rt1_0.expiration_date,rt1_0.token,rt1_0.user_id,u1_0.role,u1_0.token_version,u1_0.username from wtms_user u1_0 left join refresh_token rt1_0 on u1_0.id=rt1_0.user_id where u1_0.username=?
2026-05-21 15:57:34.920 [http-nio-8762-exec-6] [trace=,span=] DEBUG org.hibernate.SQL - select u1_0.id,u1_0.email,u1_0.is_blocked,u1_0.password,rt1_0.id,rt1_0.expiration_date,rt1_0.token,rt1_0.user_id,u1_0.role,u1_0.token_version,u1_0.username from wtms_user u1_0 left join refresh_token rt1_0 on u1_0.id=rt1_0.user_id where u1_0.id=?
2026-05-21 15:57:34.922 [http-nio-8762-exec-6] [trace=,span=] DEBUG org.hibernate.SQL - update wtms_user set email=?,is_blocked=?,password=?,role=?,token_version=?,username=? where id=?
2026-05-21 15:57:34.938 [kafka-producer-network-thread | auth-service-producer-1] [trace=,span=] INFO  com.yasirkhan.auth.producers.UserEventProducer - SUCCESS: User Status event sent for ID: 0055ae06-488b-47fe-b9f0-f506d8a5e15d (Partition: 0, Offset: 2)
2026-05-21 15:58:27.393 [http-nio-8762-exec-7] [trace=,span=] DEBUG org.hibernate.SQL - select u1_0.id,u1_0.email,u1_0.is_blocked,u1_0.password,rt1_0.id,rt1_0.expiration_date,rt1_0.token,rt1_0.user_id,u1_0.role,u1_0.token_version,u1_0.username from wtms_user u1_0 left join refresh_token rt1_0 on u1_0.id=rt1_0.user_id where u1_0.username=?
2026-05-21 15:58:40.001 [http-nio-8762-exec-8] [trace=,span=] DEBUG org.hibernate.SQL - select u1_0.id,u1_0.email,u1_0.is_blocked,u1_0.password,rt1_0.id,rt1_0.expiration_date,rt1_0.token,rt1_0.user_id,u1_0.role,u1_0.token_version,u1_0.username from wtms_user u1_0 left join refresh_token rt1_0 on u1_0.id=rt1_0.user_id where u1_0.username=?
2026-05-21 15:58:40.017 [http-nio-8762-exec-8] [trace=,span=] DEBUG org.hibernate.SQL - select u1_0.id,u1_0.email,u1_0.is_blocked,u1_0.password,rt1_0.id,rt1_0.expiration_date,rt1_0.token,rt1_0.user_id,u1_0.role,u1_0.token_version,u1_0.username from wtms_user u1_0 left join refresh_token rt1_0 on u1_0.id=rt1_0.user_id where u1_0.id=?
2026-05-21 15:58:40.024 [http-nio-8762-exec-8] [trace=,span=] DEBUG org.hibernate.SQL - update wtms_user set email=?,is_blocked=?,password=?,role=?,token_version=?,username=? where id=?
2026-05-21 15:58:40.037 [kafka-producer-network-thread | auth-service-producer-1] [trace=,span=] INFO  com.yasirkhan.auth.producers.UserEventProducer - SUCCESS: User Status event sent for ID: 0055ae06-488b-47fe-b9f0-f506d8a5e15d (Partition: 0, Offset: 3)
2026-05-21 15:58:52.212 [http-nio-8762-exec-9] [trace=,span=] DEBUG org.hibernate.SQL - select u1_0.id,u1_0.email,u1_0.is_blocked,u1_0.password,rt1_0.id,rt1_0.expiration_date,rt1_0.token,rt1_0.user_id,u1_0.role,u1_0.token_version,u1_0.username from wtms_user u1_0 left join refresh_token rt1_0 on u1_0.id=rt1_0.user_id where u1_0.username=?
2026-05-21 15:58:52.219 [http-nio-8762-exec-9] [trace=,span=] DEBUG org.hibernate.SQL - select u1_0.id,u1_0.email,u1_0.is_blocked,u1_0.password,rt1_0.id,rt1_0.expiration_date,rt1_0.token,rt1_0.user_id,u1_0.role,u1_0.token_version,u1_0.username from wtms_user u1_0 left join refresh_token rt1_0 on u1_0.id=rt1_0.user_id where u1_0.id=?
2026-05-21 15:58:52.222 [http-nio-8762-exec-9] [trace=,span=] DEBUG org.hibernate.SQL - update wtms_user set email=?,is_blocked=?,password=?,role=?,token_version=?,username=? where id=?
2026-05-21 15:58:52.245 [kafka-producer-network-thread | auth-service-producer-1] [trace=,span=] INFO  com.yasirkhan.auth.producers.UserEventProducer - SUCCESS: User Status event sent for ID: 0055ae06-488b-47fe-b9f0-f506d8a5e15d (Partition: 0, Offset: 4)
2026-05-21 15:59:48.518 [http-nio-8762-exec-10] [trace=,span=] DEBUG org.hibernate.SQL - select u1_0.id,u1_0.email,u1_0.is_blocked,u1_0.password,rt1_0.id,rt1_0.expiration_date,rt1_0.token,rt1_0.user_id,u1_0.role,u1_0.token_version,u1_0.username from wtms_user u1_0 left join refresh_token rt1_0 on u1_0.id=rt1_0.user_id where u1_0.username=?
2026-05-21 15:59:48.526 [http-nio-8762-exec-10] [trace=,span=] DEBUG org.hibernate.SQL - select u1_0.id,u1_0.email,u1_0.is_blocked,u1_0.password,rt1_0.id,rt1_0.expiration_date,rt1_0.token,rt1_0.user_id,u1_0.role,u1_0.token_version,u1_0.username from wtms_user u1_0 left join refresh_token rt1_0 on u1_0.id=rt1_0.user_id where u1_0.id=?
2026-05-21 15:59:48.531 [http-nio-8762-exec-10] [trace=,span=] DEBUG org.hibernate.SQL - update wtms_user set email=?,is_blocked=?,password=?,role=?,token_version=?,username=? where id=?
2026-05-21 15:59:48.547 [kafka-producer-network-thread | auth-service-producer-1] [trace=,span=] INFO  com.yasirkhan.auth.producers.UserEventProducer - SUCCESS: User Status event sent for ID: 30cfe007-a862-47c0-b7b6-5804bad891a5 (Partition: 0, Offset: 5)
2026-05-21 16:00:02.423 [http-nio-8762-exec-1] [trace=,span=] DEBUG org.hibernate.SQL - select u1_0.id,u1_0.email,u1_0.is_blocked,u1_0.password,rt1_0.id,rt1_0.expiration_date,rt1_0.token,rt1_0.user_id,u1_0.role,u1_0.token_version,u1_0.username from wtms_user u1_0 left join refresh_token rt1_0 on u1_0.id=rt1_0.user_id where u1_0.username=?
2026-05-21 16:00:02.429 [http-nio-8762-exec-1] [trace=,span=] DEBUG org.hibernate.SQL - select u1_0.id,u1_0.email,u1_0.is_blocked,u1_0.password,rt1_0.id,rt1_0.expiration_date,rt1_0.token,rt1_0.user_id,u1_0.role,u1_0.token_version,u1_0.username from wtms_user u1_0 left join refresh_token rt1_0 on u1_0.id=rt1_0.user_id where u1_0.id=?
2026-05-21 16:00:02.432 [http-nio-8762-exec-1] [trace=,span=] DEBUG org.hibernate.SQL - update wtms_user set email=?,is_blocked=?,password=?,role=?,token_version=?,username=? where id=?
2026-05-21 16:00:02.444 [kafka-producer-network-thread | auth-service-producer-1] [trace=,span=] INFO  com.yasirkhan.auth.producers.UserEventProducer - SUCCESS: User Status event sent for ID: 30cfe007-a862-47c0-b7b6-5804bad891a5 (Partition: 0, Offset: 6)
2026-05-21 16:00:12.334 [http-nio-8762-exec-2] [trace=,span=] DEBUG org.hibernate.SQL - select rt1_0.id,rt1_0.expiration_date,rt1_0.token,rt1_0.user_id,u1_0.id,u1_0.email,u1_0.is_blocked,u1_0.password,u1_0.role,u1_0.token_version,u1_0.username from refresh_token rt1_0 join wtms_user u1_0 on u1_0.id=rt1_0.user_id where rt1_0.token=?
2026-05-21 16:00:32.016 [http-nio-8762-exec-3] [trace=,span=] DEBUG org.hibernate.SQL - select u1_0.id,u1_0.email,u1_0.is_blocked,u1_0.password,rt1_0.id,rt1_0.expiration_date,rt1_0.token,rt1_0.user_id,u1_0.role,u1_0.token_version,u1_0.username from wtms_user u1_0 left join refresh_token rt1_0 on u1_0.id=rt1_0.user_id where u1_0.username=?
2026-05-21 16:00:32.022 [http-nio-8762-exec-3] [trace=,span=] DEBUG org.hibernate.SQL - select u1_0.id,u1_0.email,u1_0.is_blocked,u1_0.password,rt1_0.id,rt1_0.expiration_date,rt1_0.token,rt1_0.user_id,u1_0.role,u1_0.token_version,u1_0.username from wtms_user u1_0 left join refresh_token rt1_0 on u1_0.id=rt1_0.user_id where u1_0.id=?
2026-05-21 16:00:32.028 [http-nio-8762-exec-3] [trace=,span=] DEBUG org.hibernate.SQL - update wtms_user set email=?,is_blocked=?,password=?,role=?,token_version=?,username=? where id=?
2026-05-21 16:00:32.043 [kafka-producer-network-thread | auth-service-producer-1] [trace=,span=] INFO  com.yasirkhan.auth.producers.UserEventProducer - SUCCESS: User Status event sent for ID: 30cfe007-a862-47c0-b7b6-5804bad891a5 (Partition: 0, Offset: 7)
2026-05-21 16:00:36.342 [http-nio-8762-exec-4] [trace=,span=] DEBUG org.hibernate.SQL - select u1_0.id,u1_0.email,u1_0.is_blocked,u1_0.password,rt1_0.id,rt1_0.expiration_date,rt1_0.token,rt1_0.user_id,u1_0.role,u1_0.token_version,u1_0.username from wtms_user u1_0 left join refresh_token rt1_0 on u1_0.id=rt1_0.user_id where u1_0.username=?
2026-05-21 16:00:36.362 [http-nio-8762-exec-4] [trace=,span=] DEBUG org.hibernate.SQL - select u1_0.id,u1_0.email,u1_0.is_blocked,u1_0.password,rt1_0.id,rt1_0.expiration_date,rt1_0.token,rt1_0.user_id,u1_0.role,u1_0.token_version,u1_0.username from wtms_user u1_0 left join refresh_token rt1_0 on u1_0.id=rt1_0.user_id where u1_0.id=?
2026-05-21 16:00:36.365 [http-nio-8762-exec-4] [trace=,span=] DEBUG org.hibernate.SQL - update wtms_user set email=?,is_blocked=?,password=?,role=?,token_version=?,username=? where id=?
2026-05-21 16:00:36.386 [kafka-producer-network-thread | auth-service-producer-1] [trace=,span=] INFO  com.yasirkhan.auth.producers.UserEventProducer - SUCCESS: User Status event sent for ID: 30cfe007-a862-47c0-b7b6-5804bad891a5 (Partition: 0, Offset: 8)
2026-05-21 16:01:41.747 [http-nio-8762-exec-6] [trace=,span=] DEBUG org.hibernate.SQL - select u1_0.id,u1_0.email,u1_0.is_blocked,u1_0.password,rt1_0.id,rt1_0.expiration_date,rt1_0.token,rt1_0.user_id,u1_0.role,u1_0.token_version,u1_0.username from wtms_user u1_0 left join refresh_token rt1_0 on u1_0.id=rt1_0.user_id where u1_0.username=?
2026-05-21 16:01:41.754 [http-nio-8762-exec-6] [trace=,span=] DEBUG org.hibernate.SQL - select u1_0.id,u1_0.email,u1_0.is_blocked,u1_0.password,rt1_0.id,rt1_0.expiration_date,rt1_0.token,rt1_0.user_id,u1_0.role,u1_0.token_version,u1_0.username from wtms_user u1_0 left join refresh_token rt1_0 on u1_0.id=rt1_0.user_id where u1_0.id=?
2026-05-21 16:01:41.757 [http-nio-8762-exec-6] [trace=,span=] DEBUG org.hibernate.SQL - update wtms_user set email=?,is_blocked=?,password=?,role=?,token_version=?,username=? where id=?
2026-05-21 16:01:41.766 [kafka-producer-network-thread | auth-service-producer-1] [trace=,span=] INFO  com.yasirkhan.auth.producers.UserEventProducer - SUCCESS: User Status event sent for ID: 30cfe007-a862-47c0-b7b6-5804bad891a5 (Partition: 0, Offset: 9)
2026-05-21 16:01:54.655 [http-nio-8762-exec-7] [trace=,span=] DEBUG org.hibernate.SQL - select u1_0.id,u1_0.email,u1_0.is_blocked,u1_0.password,rt1_0.id,rt1_0.expiration_date,rt1_0.token,rt1_0.user_id,u1_0.role,u1_0.token_version,u1_0.username from wtms_user u1_0 left join refresh_token rt1_0 on u1_0.id=rt1_0.user_id where u1_0.username=?
2026-05-21 16:01:54.661 [http-nio-8762-exec-7] [trace=,span=] DEBUG org.hibernate.SQL - select u1_0.id,u1_0.email,u1_0.is_blocked,u1_0.password,rt1_0.id,rt1_0.expiration_date,rt1_0.token,rt1_0.user_id,u1_0.role,u1_0.token_version,u1_0.username from wtms_user u1_0 left join refresh_token rt1_0 on u1_0.id=rt1_0.user_id where u1_0.id=?
2026-05-21 16:01:54.664 [http-nio-8762-exec-7] [trace=,span=] DEBUG org.hibernate.SQL - update wtms_user set email=?,is_blocked=?,password=?,role=?,token_version=?,username=? where id=?
2026-05-21 16:01:54.690 [kafka-producer-network-thread | auth-service-producer-1] [trace=,span=] INFO  com.yasirkhan.auth.producers.UserEventProducer - SUCCESS: User Status event sent for ID: 30cfe007-a862-47c0-b7b6-5804bad891a5 (Partition: 0, Offset: 10)
2026-05-21 16:02:04.956 [AsyncResolver-bootstrap-executor-%d] [trace=,span=] INFO  com.netflix.discovery.shared.resolver.aws.ConfigClusterResolver - Resolving eureka endpoints via configuration
2026-05-21 16:02:11.819 [http-nio-8762-exec-8] [trace=,span=] DEBUG org.hibernate.SQL - select u1_0.id,u1_0.email,u1_0.is_blocked,u1_0.password,rt1_0.id,rt1_0.expiration_date,rt1_0.token,rt1_0.user_id,u1_0.role,u1_0.token_version,u1_0.username from wtms_user u1_0 left join refresh_token rt1_0 on u1_0.id=rt1_0.user_id where u1_0.username=?
2026-05-21 16:02:11.867 [http-nio-8762-exec-8] [trace=,span=] DEBUG org.hibernate.SQL - select u1_0.id,u1_0.email,u1_0.is_blocked,u1_0.password,rt1_0.id,rt1_0.expiration_date,rt1_0.token,rt1_0.user_id,u1_0.role,u1_0.token_version,u1_0.username from wtms_user u1_0 left join refresh_token rt1_0 on u1_0.id=rt1_0.user_id where u1_0.id=?
2026-05-21 16:02:11.870 [http-nio-8762-exec-8] [trace=,span=] DEBUG org.hibernate.SQL - update wtms_user set email=?,is_blocked=?,password=?,role=?,token_version=?,username=? where id=?
2026-05-21 16:02:11.889 [kafka-producer-network-thread | auth-service-producer-1] [trace=,span=] INFO  com.yasirkhan.auth.producers.UserEventProducer - SUCCESS: User Status event sent for ID: 30cfe007-a862-47c0-b7b6-5804bad891a5 (Partition: 0, Offset: 11)
2026-05-21 16:02:14.470 [http-nio-8762-exec-9] [trace=,span=] DEBUG org.hibernate.SQL - select u1_0.id,u1_0.email,u1_0.is_blocked,u1_0.password,rt1_0.id,rt1_0.expiration_date,rt1_0.token,rt1_0.user_id,u1_0.role,u1_0.token_version,u1_0.username from wtms_user u1_0 left join refresh_token rt1_0 on u1_0.id=rt1_0.user_id where u1_0.username=?
2026-05-21 16:02:14.477 [http-nio-8762-exec-9] [trace=,span=] DEBUG org.hibernate.SQL - select u1_0.id,u1_0.email,u1_0.is_blocked,u1_0.password,rt1_0.id,rt1_0.expiration_date,rt1_0.token,rt1_0.user_id,u1_0.role,u1_0.token_version,u1_0.username from wtms_user u1_0 left join refresh_token rt1_0 on u1_0.id=rt1_0.user_id where u1_0.id=?
2026-05-21 16:02:14.479 [http-nio-8762-exec-9] [trace=,span=] DEBUG org.hibernate.SQL - update wtms_user set email=?,is_blocked=?,password=?,role=?,token_version=?,username=? where id=?
2026-05-21 16:02:14.503 [kafka-producer-network-thread | auth-service-producer-1] [trace=,span=] INFO  com.yasirkhan.auth.producers.UserEventProducer - SUCCESS: User Status event sent for ID: 30cfe007-a862-47c0-b7b6-5804bad891a5 (Partition: 0, Offset: 12)
2026-05-21 16:04:15.523 [http-nio-8762-exec-1] [trace=,span=] DEBUG org.hibernate.SQL - select u1_0.id,u1_0.email,u1_0.is_blocked,u1_0.password,rt1_0.id,rt1_0.expiration_date,rt1_0.token,rt1_0.user_id,u1_0.role,u1_0.token_version,u1_0.username from wtms_user u1_0 left join refresh_token rt1_0 on u1_0.id=rt1_0.user_id where u1_0.username=?
2026-05-21 16:04:25.294 [http-nio-8762-exec-2] [trace=,span=] DEBUG org.hibernate.SQL - select u1_0.id,u1_0.email,u1_0.is_blocked,u1_0.password,rt1_0.id,rt1_0.expiration_date,rt1_0.token,rt1_0.user_id,u1_0.role,u1_0.token_version,u1_0.username from wtms_user u1_0 left join refresh_token rt1_0 on u1_0.id=rt1_0.user_id where u1_0.username=?
2026-05-21 16:04:25.301 [http-nio-8762-exec-2] [trace=,span=] DEBUG org.hibernate.SQL - select u1_0.id,u1_0.email,u1_0.is_blocked,u1_0.password,rt1_0.id,rt1_0.expiration_date,rt1_0.token,rt1_0.user_id,u1_0.role,u1_0.token_version,u1_0.username from wtms_user u1_0 left join refresh_token rt1_0 on u1_0.id=rt1_0.user_id where u1_0.id=?
2026-05-21 16:04:25.304 [http-nio-8762-exec-2] [trace=,span=] DEBUG org.hibernate.SQL - update wtms_user set email=?,is_blocked=?,password=?,role=?,token_version=?,username=? where id=?
2026-05-21 16:04:25.320 [kafka-producer-network-thread | auth-service-producer-1] [trace=,span=] INFO  com.yasirkhan.auth.producers.UserEventProducer - SUCCESS: User Status event sent for ID: 30cfe007-a862-47c0-b7b6-5804bad891a5 (Partition: 0, Offset: 13)
2026-05-21 16:04:28.892 [http-nio-8762-exec-3] [trace=,span=] DEBUG org.hibernate.SQL - select u1_0.id,u1_0.email,u1_0.is_blocked,u1_0.password,rt1_0.id,rt1_0.expiration_date,rt1_0.token,rt1_0.user_id,u1_0.role,u1_0.token_version,u1_0.username from wtms_user u1_0 left join refresh_token rt1_0 on u1_0.id=rt1_0.user_id where u1_0.username=?
2026-05-21 16:04:28.900 [http-nio-8762-exec-3] [trace=,span=] DEBUG org.hibernate.SQL - select u1_0.id,u1_0.email,u1_0.is_blocked,u1_0.password,rt1_0.id,rt1_0.expiration_date,rt1_0.token,rt1_0.user_id,u1_0.role,u1_0.token_version,u1_0.username from wtms_user u1_0 left join refresh_token rt1_0 on u1_0.id=rt1_0.user_id where u1_0.id=?
2026-05-21 16:04:28.905 [http-nio-8762-exec-3] [trace=,span=] DEBUG org.hibernate.SQL - update wtms_user set email=?,is_blocked=?,password=?,role=?,token_version=?,username=? where id=?
2026-05-21 16:04:28.916 [kafka-producer-network-thread | auth-service-producer-1] [trace=,span=] INFO  com.yasirkhan.auth.producers.UserEventProducer - SUCCESS: User Status event sent for ID: 30cfe007-a862-47c0-b7b6-5804bad891a5 (Partition: 0, Offset: 14)
2026-05-21 16:06:43.815 [http-nio-8762-exec-5] [trace=,span=] WARN  com.yasirkhan.auth.exceptions.GlobalExceptionHandler - JWT validation failed: JWT expired 91770 milliseconds ago at 2026-05-21T11:05:12.000Z. Current time: 2026-05-21T11:06:43.770Z. Allowed clock skew: 0 milliseconds.
2026-05-21 16:06:44.979 [http-nio-8762-exec-6] [trace=,span=] DEBUG org.hibernate.SQL - select rt1_0.id,rt1_0.expiration_date,rt1_0.token,rt1_0.user_id,u1_0.id,u1_0.email,u1_0.is_blocked,u1_0.password,u1_0.role,u1_0.token_version,u1_0.username from refresh_token rt1_0 join wtms_user u1_0 on u1_0.id=rt1_0.user_id where rt1_0.token=?
2026-05-21 16:06:45.552 [http-nio-8762-exec-7] [trace=,span=] DEBUG org.hibernate.SQL - select u1_0.id,u1_0.email,u1_0.is_blocked,u1_0.password,rt1_0.id,rt1_0.expiration_date,rt1_0.token,rt1_0.user_id,u1_0.role,u1_0.token_version,u1_0.username from wtms_user u1_0 left join refresh_token rt1_0 on u1_0.id=rt1_0.user_id where u1_0.username=?
2026-05-21 16:07:04.967 [AsyncResolver-bootstrap-executor-%d] [trace=,span=] INFO  com.netflix.discovery.shared.resolver.aws.ConfigClusterResolver - Resolving eureka endpoints via configuration
2026-05-21 16:12:04.971 [AsyncResolver-bootstrap-executor-%d] [trace=,span=] INFO  com.netflix.discovery.shared.resolver.aws.ConfigClusterResolver - Resolving eureka endpoints via configuration
2026-05-21 16:16:36.418 [http-nio-8762-exec-9] [trace=,span=] WARN  com.yasirkhan.auth.exceptions.GlobalExceptionHandler - JWT validation failed: JWT expired 292415 milliseconds ago at 2026-05-21T11:11:44.000Z. Current time: 2026-05-21T11:16:36.415Z. Allowed clock skew: 0 milliseconds.
2026-05-21 16:16:37.067 [http-nio-8762-exec-10] [trace=,span=] DEBUG org.hibernate.SQL - select rt1_0.id,rt1_0.expiration_date,rt1_0.token,rt1_0.user_id,u1_0.id,u1_0.email,u1_0.is_blocked,u1_0.password,u1_0.role,u1_0.token_version,u1_0.username from refresh_token rt1_0 join wtms_user u1_0 on u1_0.id=rt1_0.user_id where rt1_0.token=?
2026-05-21 16:16:37.454 [http-nio-8762-exec-1] [trace=,span=] DEBUG org.hibernate.SQL - select u1_0.id,u1_0.email,u1_0.is_blocked,u1_0.password,rt1_0.id,rt1_0.expiration_date,rt1_0.token,rt1_0.user_id,u1_0.role,u1_0.token_version,u1_0.username from wtms_user u1_0 left join refresh_token rt1_0 on u1_0.id=rt1_0.user_id where u1_0.username=?
2026-05-21 16:17:00.570 [http-nio-8762-exec-2] [trace=,span=] DEBUG org.hibernate.SQL - select u1_0.id,u1_0.email,u1_0.is_blocked,u1_0.password,rt1_0.id,rt1_0.expiration_date,rt1_0.token,rt1_0.user_id,u1_0.role,u1_0.token_version,u1_0.username from wtms_user u1_0 left join refresh_token rt1_0 on u1_0.id=rt1_0.user_id where u1_0.username=?
2026-05-21 16:17:00.663 [http-nio-8762-exec-2] [trace=,span=] DEBUG org.hibernate.SQL - select u1_0.id,u1_0.email,u1_0.is_blocked,u1_0.password,rt1_0.id,rt1_0.expiration_date,rt1_0.token,rt1_0.user_id,u1_0.role,u1_0.token_version,u1_0.username from wtms_user u1_0 left join refresh_token rt1_0 on u1_0.id=rt1_0.user_id where u1_0.id=?
2026-05-21 16:17:00.752 [http-nio-8762-exec-2] [trace=,span=] DEBUG org.hibernate.SQL - update wtms_user set email=?,is_blocked=?,password=?,role=?,token_version=?,username=? where id=?
2026-05-21 16:17:00.901 [kafka-producer-network-thread | auth-service-producer-1] [trace=,span=] INFO  com.yasirkhan.auth.producers.UserEventProducer - SUCCESS: User Status event sent for ID: 30cfe007-a862-47c0-b7b6-5804bad891a5 (Partition: 0, Offset: 15)
2026-05-21 16:17:04.977 [AsyncResolver-bootstrap-executor-%d] [trace=,span=] INFO  com.netflix.discovery.shared.resolver.aws.ConfigClusterResolver - Resolving eureka endpoints via configuration
2026-05-21 16:17:05.717 [http-nio-8762-exec-3] [trace=,span=] DEBUG org.hibernate.SQL - select u1_0.id,u1_0.email,u1_0.is_blocked,u1_0.password,rt1_0.id,rt1_0.expiration_date,rt1_0.token,rt1_0.user_id,u1_0.role,u1_0.token_version,u1_0.username from wtms_user u1_0 left join refresh_token rt1_0 on u1_0.id=rt1_0.user_id where u1_0.username=?
2026-05-21 16:17:05.736 [http-nio-8762-exec-3] [trace=,span=] DEBUG org.hibernate.SQL - select u1_0.id,u1_0.email,u1_0.is_blocked,u1_0.password,rt1_0.id,rt1_0.expiration_date,rt1_0.token,rt1_0.user_id,u1_0.role,u1_0.token_version,u1_0.username from wtms_user u1_0 left join refresh_token rt1_0 on u1_0.id=rt1_0.user_id where u1_0.id=?
2026-05-21 16:17:05.740 [http-nio-8762-exec-3] [trace=,span=] DEBUG org.hibernate.SQL - update wtms_user set email=?,is_blocked=?,password=?,role=?,token_version=?,username=? where id=?
2026-05-21 16:17:05.755 [kafka-producer-network-thread | auth-service-producer-1] [trace=,span=] INFO  com.yasirkhan.auth.producers.UserEventProducer - SUCCESS: User Status event sent for ID: 30cfe007-a862-47c0-b7b6-5804bad891a5 (Partition: 0, Offset: 16)
2026-05-21 16:22:04.993 [AsyncResolver-bootstrap-executor-%d] [trace=,span=] INFO  com.netflix.discovery.shared.resolver.aws.ConfigClusterResolver - Resolving eureka endpoints via configuration
2026-05-21 16:27:05.004 [AsyncResolver-bootstrap-executor-%d] [trace=,span=] INFO  com.netflix.discovery.shared.resolver.aws.ConfigClusterResolver - Resolving eureka endpoints via configuration
2026-05-21 16:32:05.006 [AsyncResolver-bootstrap-executor-%d] [trace=,span=] INFO  com.netflix.discovery.shared.resolver.aws.ConfigClusterResolver - Resolving eureka endpoints via configuration
2026-05-21 16:34:17.640 [http-nio-8762-exec-5] [trace=,span=] WARN  com.yasirkhan.auth.exceptions.GlobalExceptionHandler - JWT validation failed: JWT expired 760627 milliseconds ago at 2026-05-21T11:21:37.000Z. Current time: 2026-05-21T11:34:17.627Z. Allowed clock skew: 0 milliseconds.
2026-05-21 16:34:18.741 [http-nio-8762-exec-6] [trace=,span=] DEBUG org.hibernate.SQL - select rt1_0.id,rt1_0.expiration_date,rt1_0.token,rt1_0.user_id,u1_0.id,u1_0.email,u1_0.is_blocked,u1_0.password,u1_0.role,u1_0.token_version,u1_0.username from refresh_token rt1_0 join wtms_user u1_0 on u1_0.id=rt1_0.user_id where rt1_0.token=?
2026-05-21 16:34:19.216 [http-nio-8762-exec-7] [trace=,span=] DEBUG org.hibernate.SQL - select u1_0.id,u1_0.email,u1_0.is_blocked,u1_0.password,rt1_0.id,rt1_0.expiration_date,rt1_0.token,rt1_0.user_id,u1_0.role,u1_0.token_version,u1_0.username from wtms_user u1_0 left join refresh_token rt1_0 on u1_0.id=rt1_0.user_id where u1_0.username=?
2026-05-21 16:34:55.775 [http-nio-8762-exec-8] [trace=,span=] DEBUG org.hibernate.SQL - select u1_0.id,u1_0.email,u1_0.is_blocked,u1_0.password,rt1_0.id,rt1_0.expiration_date,rt1_0.token,rt1_0.user_id,u1_0.role,u1_0.token_version,u1_0.username from wtms_user u1_0 left join refresh_token rt1_0 on u1_0.id=rt1_0.user_id where u1_0.username=?
2026-05-21 16:34:55.811 [http-nio-8762-exec-8] [trace=,span=] DEBUG org.hibernate.SQL - select u1_0.id,u1_0.email,u1_0.is_blocked,u1_0.password,rt1_0.id,rt1_0.expiration_date,rt1_0.token,rt1_0.user_id,u1_0.role,u1_0.token_version,u1_0.username from wtms_user u1_0 left join refresh_token rt1_0 on u1_0.id=rt1_0.user_id where u1_0.id=?
2026-05-21 16:34:55.882 [kafka-producer-network-thread | auth-service-producer-1] [trace=,span=] INFO  com.yasirkhan.auth.producers.UserEventProducer - SUCCESS: User Updated event sent for ID: 0055ae06-488b-47fe-b9f0-f506d8a5e15d (Partition: 0, Offset: 13)
2026-05-21 16:35:08.287 [http-nio-8762-exec-9] [trace=,span=] DEBUG org.hibernate.SQL - select u1_0.id,u1_0.email,u1_0.is_blocked,u1_0.password,rt1_0.id,rt1_0.expiration_date,rt1_0.token,rt1_0.user_id,u1_0.role,u1_0.token_version,u1_0.username from wtms_user u1_0 left join refresh_token rt1_0 on u1_0.id=rt1_0.user_id where u1_0.username=?
2026-05-21 16:35:08.300 [http-nio-8762-exec-9] [trace=,span=] DEBUG org.hibernate.SQL - select u1_0.id,u1_0.email,u1_0.is_blocked,u1_0.password,rt1_0.id,rt1_0.expiration_date,rt1_0.token,rt1_0.user_id,u1_0.role,u1_0.token_version,u1_0.username from wtms_user u1_0 left join refresh_token rt1_0 on u1_0.id=rt1_0.user_id where u1_0.id=?
2026-05-21 16:35:08.312 [http-nio-8762-exec-9] [trace=,span=] DEBUG org.hibernate.SQL - update wtms_user set email=?,is_blocked=?,password=?,role=?,token_version=?,username=? where id=?
2026-05-21 16:35:08.321 [kafka-producer-network-thread | auth-service-producer-1] [trace=,span=] INFO  com.yasirkhan.auth.producers.UserEventProducer - SUCCESS: User Status event sent for ID: 0055ae06-488b-47fe-b9f0-f506d8a5e15d (Partition: 0, Offset: 17)
2026-05-21 16:35:12.518 [http-nio-8762-exec-10] [trace=,span=] DEBUG org.hibernate.SQL - select u1_0.id,u1_0.email,u1_0.is_blocked,u1_0.password,rt1_0.id,rt1_0.expiration_date,rt1_0.token,rt1_0.user_id,u1_0.role,u1_0.token_version,u1_0.username from wtms_user u1_0 left join refresh_token rt1_0 on u1_0.id=rt1_0.user_id where u1_0.username=?
2026-05-21 16:35:12.524 [http-nio-8762-exec-10] [trace=,span=] DEBUG org.hibernate.SQL - select u1_0.id,u1_0.email,u1_0.is_blocked,u1_0.password,rt1_0.id,rt1_0.expiration_date,rt1_0.token,rt1_0.user_id,u1_0.role,u1_0.token_version,u1_0.username from wtms_user u1_0 left join refresh_token rt1_0 on u1_0.id=rt1_0.user_id where u1_0.id=?
2026-05-21 16:35:12.527 [http-nio-8762-exec-10] [trace=,span=] DEBUG org.hibernate.SQL - update wtms_user set email=?,is_blocked=?,password=?,role=?,token_version=?,username=? where id=?
2026-05-21 16:35:12.545 [kafka-producer-network-thread | auth-service-producer-1] [trace=,span=] INFO  com.yasirkhan.auth.producers.UserEventProducer - SUCCESS: User Status event sent for ID: 0055ae06-488b-47fe-b9f0-f506d8a5e15d (Partition: 0, Offset: 18)
2026-05-21 16:35:27.358 [http-nio-8762-exec-1] [trace=,span=] DEBUG org.hibernate.SQL - select u1_0.id,u1_0.email,u1_0.is_blocked,u1_0.password,rt1_0.id,rt1_0.expiration_date,rt1_0.token,rt1_0.user_id,u1_0.role,u1_0.token_version,u1_0.username from wtms_user u1_0 left join refresh_token rt1_0 on u1_0.id=rt1_0.user_id where u1_0.username=?
2026-05-21 16:35:27.364 [http-nio-8762-exec-1] [trace=,span=] DEBUG org.hibernate.SQL - select u1_0.id,u1_0.email,u1_0.is_blocked,u1_0.password,rt1_0.id,rt1_0.expiration_date,rt1_0.token,rt1_0.user_id,u1_0.role,u1_0.token_version,u1_0.username from wtms_user u1_0 left join refresh_token rt1_0 on u1_0.id=rt1_0.user_id where u1_0.id=?
2026-05-21 16:35:27.367 [http-nio-8762-exec-1] [trace=,span=] DEBUG org.hibernate.SQL - update wtms_user set email=?,is_blocked=?,password=?,role=?,token_version=?,username=? where id=?
2026-05-21 16:35:27.376 [kafka-producer-network-thread | auth-service-producer-1] [trace=,span=] INFO  com.yasirkhan.auth.producers.UserEventProducer - SUCCESS: User Status event sent for ID: 0055ae06-488b-47fe-b9f0-f506d8a5e15d (Partition: 0, Offset: 19)
2026-05-21 16:35:36.560 [http-nio-8762-exec-2] [trace=,span=] DEBUG org.hibernate.SQL - select u1_0.id,u1_0.email,u1_0.is_blocked,u1_0.password,rt1_0.id,rt1_0.expiration_date,rt1_0.token,rt1_0.user_id,u1_0.role,u1_0.token_version,u1_0.username from wtms_user u1_0 left join refresh_token rt1_0 on u1_0.id=rt1_0.user_id where u1_0.username=?
2026-05-21 16:35:36.566 [http-nio-8762-exec-2] [trace=,span=] DEBUG org.hibernate.SQL - select u1_0.id,u1_0.email,u1_0.is_blocked,u1_0.password,rt1_0.id,rt1_0.expiration_date,rt1_0.token,rt1_0.user_id,u1_0.role,u1_0.token_version,u1_0.username from wtms_user u1_0 left join refresh_token rt1_0 on u1_0.id=rt1_0.user_id where u1_0.id=?
2026-05-21 16:35:36.569 [http-nio-8762-exec-2] [trace=,span=] DEBUG org.hibernate.SQL - update wtms_user set email=?,is_blocked=?,password=?,role=?,token_version=?,username=? where id=?
2026-05-21 16:35:36.589 [kafka-producer-network-thread | auth-service-producer-1] [trace=,span=] INFO  com.yasirkhan.auth.producers.UserEventProducer - SUCCESS: User Status event sent for ID: 0055ae06-488b-47fe-b9f0-f506d8a5e15d (Partition: 0, Offset: 20)
2026-05-21 16:37:05.007 [AsyncResolver-bootstrap-executor-%d] [trace=,span=] INFO  com.netflix.discovery.shared.resolver.aws.ConfigClusterResolver - Resolving eureka endpoints via configuration
2026-05-21 16:40:46.964 [http-nio-8762-exec-4] [trace=,span=] DEBUG org.hibernate.SQL - select rt1_0.id,rt1_0.expiration_date,rt1_0.token,rt1_0.user_id,u1_0.id,u1_0.email,u1_0.is_blocked,u1_0.password,u1_0.role,u1_0.token_version,u1_0.username from refresh_token rt1_0 join wtms_user u1_0 on u1_0.id=rt1_0.user_id where rt1_0.token=?
2026-05-21 16:42:05.012 [AsyncResolver-bootstrap-executor-%d] [trace=,span=] INFO  com.netflix.discovery.shared.resolver.aws.ConfigClusterResolver - Resolving eureka endpoints via configuration
2026-05-21 16:45:32.124 [http-nio-8762-exec-6] [trace=,span=] WARN  com.yasirkhan.auth.exceptions.GlobalExceptionHandler - JWT validation failed: JWT expired 19983112 milliseconds ago at 2026-05-21T06:12:29.000Z. Current time: 2026-05-21T11:45:32.112Z. Allowed clock skew: 0 milliseconds.
2026-05-21 16:45:37.913 [http-nio-8762-exec-7] [trace=,span=] WARN  com.yasirkhan.auth.exceptions.GlobalExceptionHandler - JWT validation failed: JWT expired 19988908 milliseconds ago at 2026-05-21T06:12:29.000Z. Current time: 2026-05-21T11:45:37.908Z. Allowed clock skew: 0 milliseconds.
2026-05-21 16:45:49.840 [http-nio-8762-exec-8] [trace=,span=] DEBUG org.hibernate.SQL - select u1_0.id,u1_0.email,u1_0.is_blocked,u1_0.password,rt1_0.id,rt1_0.expiration_date,rt1_0.token,rt1_0.user_id,u1_0.role,u1_0.token_version,u1_0.username from wtms_user u1_0 left join refresh_token rt1_0 on u1_0.id=rt1_0.user_id where u1_0.username=?
2026-05-21 16:45:49.967 [http-nio-8762-exec-8] [trace=,span=] DEBUG org.hibernate.SQL - update wtms_user set email=?,is_blocked=?,password=?,role=?,token_version=?,username=? where id=?
2026-05-21 16:47:05.031 [AsyncResolver-bootstrap-executor-%d] [trace=,span=] INFO  com.netflix.discovery.shared.resolver.aws.ConfigClusterResolver - Resolving eureka endpoints via configuration
2026-05-21 16:52:05.042 [AsyncResolver-bootstrap-executor-%d] [trace=,span=] INFO  com.netflix.discovery.shared.resolver.aws.ConfigClusterResolver - Resolving eureka endpoints via configuration
2026-05-21 16:57:05.054 [AsyncResolver-bootstrap-executor-%d] [trace=,span=] INFO  com.netflix.discovery.shared.resolver.aws.ConfigClusterResolver - Resolving eureka endpoints via configuration
2026-05-21 16:57:07.503 [http-nio-8762-exec-10] [trace=,span=] DEBUG org.hibernate.SQL - select rt1_0.id,rt1_0.expiration_date,rt1_0.token,rt1_0.user_id,u1_0.id,u1_0.email,u1_0.is_blocked,u1_0.password,u1_0.role,u1_0.token_version,u1_0.username from refresh_token rt1_0 join wtms_user u1_0 on u1_0.id=rt1_0.user_id where rt1_0.token=?
2026-05-21 16:57:20.504 [http-nio-8762-exec-1] [trace=,span=] DEBUG org.hibernate.SQL - select u1_0.id,u1_0.email,u1_0.is_blocked,u1_0.password,rt1_0.id,rt1_0.expiration_date,rt1_0.token,rt1_0.user_id,u1_0.role,u1_0.token_version,u1_0.username from wtms_user u1_0 left join refresh_token rt1_0 on u1_0.id=rt1_0.user_id where u1_0.username=?
2026-05-21 16:57:20.518 [http-nio-8762-exec-1] [trace=,span=] DEBUG org.hibernate.SQL - select u1_0.id,u1_0.email,u1_0.is_blocked,u1_0.password,rt1_0.id,rt1_0.expiration_date,rt1_0.token,rt1_0.user_id,u1_0.role,u1_0.token_version,u1_0.username from wtms_user u1_0 left join refresh_token rt1_0 on u1_0.id=rt1_0.user_id where u1_0.id=?
2026-05-21 16:57:20.536 [http-nio-8762-exec-1] [trace=,span=] DEBUG org.hibernate.SQL - update wtms_user set email=?,is_blocked=?,password=?,role=?,token_version=?,username=? where id=?
2026-05-21 16:57:20.611 [kafka-producer-network-thread | auth-service-producer-1] [trace=,span=] INFO  com.yasirkhan.auth.producers.UserEventProducer - SUCCESS: User Status event sent for ID: 30cfe007-a862-47c0-b7b6-5804bad891a5 (Partition: 0, Offset: 21)
2026-05-21 16:57:24.463 [http-nio-8762-exec-2] [trace=,span=] DEBUG org.hibernate.SQL - select u1_0.id,u1_0.email,u1_0.is_blocked,u1_0.password,rt1_0.id,rt1_0.expiration_date,rt1_0.token,rt1_0.user_id,u1_0.role,u1_0.token_version,u1_0.username from wtms_user u1_0 left join refresh_token rt1_0 on u1_0.id=rt1_0.user_id where u1_0.username=?
2026-05-21 16:57:24.472 [http-nio-8762-exec-2] [trace=,span=] DEBUG org.hibernate.SQL - select u1_0.id,u1_0.email,u1_0.is_blocked,u1_0.password,rt1_0.id,rt1_0.expiration_date,rt1_0.token,rt1_0.user_id,u1_0.role,u1_0.token_version,u1_0.username from wtms_user u1_0 left join refresh_token rt1_0 on u1_0.id=rt1_0.user_id where u1_0.id=?
2026-05-21 16:57:24.475 [http-nio-8762-exec-2] [trace=,span=] DEBUG org.hibernate.SQL - update wtms_user set email=?,is_blocked=?,password=?,role=?,token_version=?,username=? where id=?
2026-05-21 16:57:24.486 [kafka-producer-network-thread | auth-service-producer-1] [trace=,span=] INFO  com.yasirkhan.auth.producers.UserEventProducer - SUCCESS: User Status event sent for ID: 30cfe007-a862-47c0-b7b6-5804bad891a5 (Partition: 0, Offset: 22)
2026-05-21 16:57:27.139 [http-nio-8762-exec-3] [trace=,span=] DEBUG org.hibernate.SQL - select u1_0.id,u1_0.email,u1_0.is_blocked,u1_0.password,rt1_0.id,rt1_0.expiration_date,rt1_0.token,rt1_0.user_id,u1_0.role,u1_0.token_version,u1_0.username from wtms_user u1_0 left join refresh_token rt1_0 on u1_0.id=rt1_0.user_id where u1_0.username=?
2026-05-21 16:57:27.145 [http-nio-8762-exec-3] [trace=,span=] DEBUG org.hibernate.SQL - select u1_0.id,u1_0.email,u1_0.is_blocked,u1_0.password,rt1_0.id,rt1_0.expiration_date,rt1_0.token,rt1_0.user_id,u1_0.role,u1_0.token_version,u1_0.username from wtms_user u1_0 left join refresh_token rt1_0 on u1_0.id=rt1_0.user_id where u1_0.id=?
2026-05-21 16:57:27.148 [http-nio-8762-exec-3] [trace=,span=] DEBUG org.hibernate.SQL - update wtms_user set email=?,is_blocked=?,password=?,role=?,token_version=?,username=? where id=?
2026-05-21 16:57:27.167 [kafka-producer-network-thread | auth-service-producer-1] [trace=,span=] INFO  com.yasirkhan.auth.producers.UserEventProducer - SUCCESS: User Status event sent for ID: 30cfe007-a862-47c0-b7b6-5804bad891a5 (Partition: 0, Offset: 23)
2026-05-21 16:57:29.556 [http-nio-8762-exec-4] [trace=,span=] DEBUG org.hibernate.SQL - select u1_0.id,u1_0.email,u1_0.is_blocked,u1_0.password,rt1_0.id,rt1_0.expiration_date,rt1_0.token,rt1_0.user_id,u1_0.role,u1_0.token_version,u1_0.username from wtms_user u1_0 left join refresh_token rt1_0 on u1_0.id=rt1_0.user_id where u1_0.username=?
2026-05-21 16:57:29.561 [http-nio-8762-exec-4] [trace=,span=] DEBUG org.hibernate.SQL - select u1_0.id,u1_0.email,u1_0.is_blocked,u1_0.password,rt1_0.id,rt1_0.expiration_date,rt1_0.token,rt1_0.user_id,u1_0.role,u1_0.token_version,u1_0.username from wtms_user u1_0 left join refresh_token rt1_0 on u1_0.id=rt1_0.user_id where u1_0.id=?
2026-05-21 16:57:29.564 [http-nio-8762-exec-4] [trace=,span=] DEBUG org.hibernate.SQL - update wtms_user set email=?,is_blocked=?,password=?,role=?,token_version=?,username=? where id=?
2026-05-21 16:57:29.586 [kafka-producer-network-thread | auth-service-producer-1] [trace=,span=] INFO  com.yasirkhan.auth.producers.UserEventProducer - SUCCESS: User Status event sent for ID: 30cfe007-a862-47c0-b7b6-5804bad891a5 (Partition: 0, Offset: 24)
2026-05-21 17:02:05.080 [AsyncResolver-bootstrap-executor-%d] [trace=,span=] INFO  com.netflix.discovery.shared.resolver.aws.ConfigClusterResolver - Resolving eureka endpoints via configuration
2026-05-21 17:07:05.143 [AsyncResolver-bootstrap-executor-%d] [trace=,span=] INFO  com.netflix.discovery.shared.resolver.aws.ConfigClusterResolver - Resolving eureka endpoints via configuration
2026-05-21 17:11:45.812 [http-nio-8762-exec-6] [trace=,span=] WARN  com.yasirkhan.auth.exceptions.GlobalExceptionHandler - JWT validation failed: JWT expired 578713 milliseconds ago at 2026-05-21T12:02:07.000Z. Current time: 2026-05-21T12:11:45.713Z. Allowed clock skew: 0 milliseconds.
2026-05-21 17:11:47.051 [http-nio-8762-exec-7] [trace=,span=] DEBUG org.hibernate.SQL - select rt1_0.id,rt1_0.expiration_date,rt1_0.token,rt1_0.user_id,u1_0.id,u1_0.email,u1_0.is_blocked,u1_0.password,u1_0.role,u1_0.token_version,u1_0.username from refresh_token rt1_0 join wtms_user u1_0 on u1_0.id=rt1_0.user_id where rt1_0.token=?
2026-05-21 17:11:47.700 [http-nio-8762-exec-8] [trace=,span=] DEBUG org.hibernate.SQL - select u1_0.id,u1_0.email,u1_0.is_blocked,u1_0.password,rt1_0.id,rt1_0.expiration_date,rt1_0.token,rt1_0.user_id,u1_0.role,u1_0.token_version,u1_0.username from wtms_user u1_0 left join refresh_token rt1_0 on u1_0.id=rt1_0.user_id where u1_0.username=?
2026-05-21 17:12:05.159 [AsyncResolver-bootstrap-executor-%d] [trace=,span=] INFO  com.netflix.discovery.shared.resolver.aws.ConfigClusterResolver - Resolving eureka endpoints via configuration
2026-05-21 17:12:49.694 [http-nio-8762-exec-10] [trace=,span=] DEBUG org.hibernate.SQL - select u1_0.id,u1_0.email,u1_0.is_blocked,u1_0.password,rt1_0.id,rt1_0.expiration_date,rt1_0.token,rt1_0.user_id,u1_0.role,u1_0.token_version,u1_0.username from wtms_user u1_0 left join refresh_token rt1_0 on u1_0.id=rt1_0.user_id where u1_0.username=?
2026-05-21 17:12:49.826 [http-nio-8762-exec-10] [trace=,span=] DEBUG org.hibernate.SQL - update wtms_user set email=?,is_blocked=?,password=?,role=?,token_version=?,username=? where id=?
2026-05-21 17:16:11.768 [http-nio-8762-exec-2] [trace=,span=] DEBUG org.hibernate.SQL - select u1_0.id,u1_0.email,u1_0.is_blocked,u1_0.password,rt1_0.id,rt1_0.expiration_date,rt1_0.token,rt1_0.user_id,u1_0.role,u1_0.token_version,u1_0.username from wtms_user u1_0 left join refresh_token rt1_0 on u1_0.id=rt1_0.user_id where u1_0.username=?
2026-05-21 17:16:11.980 [http-nio-8762-exec-2] [trace=,span=] WARN  com.yasirkhan.auth.exceptions.GlobalExceptionHandler - Session expired: Session Expired: Logged in from another device.
2026-05-21 17:16:35.931 [http-nio-8762-exec-3] [trace=,span=] DEBUG org.hibernate.SQL - select u1_0.id,u1_0.email,u1_0.is_blocked,u1_0.password,rt1_0.id,rt1_0.expiration_date,rt1_0.token,rt1_0.user_id,u1_0.role,u1_0.token_version,u1_0.username from wtms_user u1_0 left join refresh_token rt1_0 on u1_0.id=rt1_0.user_id where u1_0.username=?
2026-05-21 17:16:35.952 [http-nio-8762-exec-3] [trace=,span=] WARN  com.yasirkhan.auth.exceptions.GlobalExceptionHandler - Session expired: Session Expired: Logged in from another device.
2026-05-21 17:17:05.179 [AsyncResolver-bootstrap-executor-%d] [trace=,span=] INFO  com.netflix.discovery.shared.resolver.aws.ConfigClusterResolver - Resolving eureka endpoints via configuration
2026-05-21 17:17:11.993 [http-nio-8762-exec-4] [trace=,span=] WARN  com.yasirkhan.auth.exceptions.GlobalExceptionHandler - JWT validation failed: JWT expired 24976 milliseconds ago at 2026-05-21T12:16:47.000Z. Current time: 2026-05-21T12:17:11.976Z. Allowed clock skew: 0 milliseconds.
2026-05-21 17:17:20.306 [http-nio-8762-exec-5] [trace=,span=] DEBUG org.hibernate.SQL - select rt1_0.id,rt1_0.expiration_date,rt1_0.token,rt1_0.user_id,u1_0.id,u1_0.email,u1_0.is_blocked,u1_0.password,u1_0.role,u1_0.token_version,u1_0.username from refresh_token rt1_0 join wtms_user u1_0 on u1_0.id=rt1_0.user_id where rt1_0.token=?
2026-05-21 17:17:21.364 [http-nio-8762-exec-6] [trace=,span=] DEBUG org.hibernate.SQL - select u1_0.id,u1_0.email,u1_0.is_blocked,u1_0.password,rt1_0.id,rt1_0.expiration_date,rt1_0.token,rt1_0.user_id,u1_0.role,u1_0.token_version,u1_0.username from wtms_user u1_0 left join refresh_token rt1_0 on u1_0.id=rt1_0.user_id where u1_0.username=?
2026-05-21 17:22:05.217 [AsyncResolver-bootstrap-executor-%d] [trace=,span=] INFO  com.netflix.discovery.shared.resolver.aws.ConfigClusterResolver - Resolving eureka endpoints via configuration
2026-05-21 17:23:20.619 [http-nio-8762-exec-8] [trace=,span=] WARN  com.yasirkhan.auth.exceptions.GlobalExceptionHandler - JWT validation failed: JWT expired 60595 milliseconds ago at 2026-05-21T12:22:20.000Z. Current time: 2026-05-21T12:23:20.595Z. Allowed clock skew: 0 milliseconds.
2026-05-21 17:23:21.443 [http-nio-8762-exec-9] [trace=,span=] DEBUG org.hibernate.SQL - select rt1_0.id,rt1_0.expiration_date,rt1_0.token,rt1_0.user_id,u1_0.id,u1_0.email,u1_0.is_blocked,u1_0.password,u1_0.role,u1_0.token_version,u1_0.username from refresh_token rt1_0 join wtms_user u1_0 on u1_0.id=rt1_0.user_id where rt1_0.token=?
2026-05-21 17:23:21.974 [http-nio-8762-exec-10] [trace=,span=] DEBUG org.hibernate.SQL - select u1_0.id,u1_0.email,u1_0.is_blocked,u1_0.password,rt1_0.id,rt1_0.expiration_date,rt1_0.token,rt1_0.user_id,u1_0.role,u1_0.token_version,u1_0.username from wtms_user u1_0 left join refresh_token rt1_0 on u1_0.id=rt1_0.user_id where u1_0.username=?
2026-05-21 17:24:00.141 [http-nio-8762-exec-1] [trace=,span=] DEBUG org.hibernate.SQL - select rt1_0.id,rt1_0.expiration_date,rt1_0.token,rt1_0.user_id,u1_0.id,u1_0.email,u1_0.is_blocked,u1_0.password,u1_0.role,u1_0.token_version,u1_0.username from refresh_token rt1_0 join wtms_user u1_0 on u1_0.id=rt1_0.user_id where rt1_0.token=?
2026-05-21 17:27:05.252 [AsyncResolver-bootstrap-executor-%d] [trace=,span=] INFO  com.netflix.discovery.shared.resolver.aws.ConfigClusterResolver - Resolving eureka endpoints via configuration
2026-05-21 17:32:05.280 [AsyncResolver-bootstrap-executor-%d] [trace=,span=] INFO  com.netflix.discovery.shared.resolver.aws.ConfigClusterResolver - Resolving eureka endpoints via configuration
2026-05-21 17:35:07.036 [http-nio-8762-exec-3] [trace=,span=] DEBUG org.hibernate.SQL - select rt1_0.id,rt1_0.expiration_date,rt1_0.token,rt1_0.user_id,u1_0.id,u1_0.email,u1_0.is_blocked,u1_0.password,u1_0.role,u1_0.token_version,u1_0.username from refresh_token rt1_0 join wtms_user u1_0 on u1_0.id=rt1_0.user_id where rt1_0.token=?
2026-05-21 17:37:05.329 [AsyncResolver-bootstrap-executor-%d] [trace=,span=] INFO  com.netflix.discovery.shared.resolver.aws.ConfigClusterResolver - Resolving eureka endpoints via configuration
2026-05-21 17:37:44.429 [http-nio-8762-exec-5] [trace=,span=] WARN  com.yasirkhan.auth.exceptions.GlobalExceptionHandler - JWT validation failed: JWT expired 563362 milliseconds ago at 2026-05-21T12:28:21.000Z. Current time: 2026-05-21T12:37:44.362Z. Allowed clock skew: 0 milliseconds.
2026-05-21 17:37:46.038 [http-nio-8762-exec-6] [trace=,span=] DEBUG org.hibernate.SQL - select rt1_0.id,rt1_0.expiration_date,rt1_0.token,rt1_0.user_id,u1_0.id,u1_0.email,u1_0.is_blocked,u1_0.password,u1_0.role,u1_0.token_version,u1_0.username from refresh_token rt1_0 join wtms_user u1_0 on u1_0.id=rt1_0.user_id where rt1_0.token=?
2026-05-21 17:37:46.498 [http-nio-8762-exec-7] [trace=,span=] DEBUG org.hibernate.SQL - select u1_0.id,u1_0.email,u1_0.is_blocked,u1_0.password,rt1_0.id,rt1_0.expiration_date,rt1_0.token,rt1_0.user_id,u1_0.role,u1_0.token_version,u1_0.username from wtms_user u1_0 left join refresh_token rt1_0 on u1_0.id=rt1_0.user_id where u1_0.username=?
2026-05-21 17:42:05.360 [AsyncResolver-bootstrap-executor-%d] [trace=,span=] INFO  com.netflix.discovery.shared.resolver.aws.ConfigClusterResolver - Resolving eureka endpoints via configuration
2026-05-21 17:42:49.612 [http-nio-8762-exec-9] [trace=,span=] DEBUG org.hibernate.SQL - select rt1_0.id,rt1_0.expiration_date,rt1_0.token,rt1_0.user_id,u1_0.id,u1_0.email,u1_0.is_blocked,u1_0.password,u1_0.role,u1_0.token_version,u1_0.username from refresh_token rt1_0 join wtms_user u1_0 on u1_0.id=rt1_0.user_id where rt1_0.token=?
2026-05-21 17:45:05.408 [http-nio-8762-exec-1] [trace=,span=] DEBUG org.hibernate.SQL - select u1_0.id,u1_0.email,u1_0.is_blocked,u1_0.password,rt1_0.id,rt1_0.expiration_date,rt1_0.token,rt1_0.user_id,u1_0.role,u1_0.token_version,u1_0.username from wtms_user u1_0 left join refresh_token rt1_0 on u1_0.id=rt1_0.user_id where u1_0.username=?
2026-05-21 17:45:05.578 [http-nio-8762-exec-1] [trace=,span=] DEBUG org.hibernate.SQL - select u1_0.id,u1_0.email,u1_0.is_blocked,u1_0.password,rt1_0.id,rt1_0.expiration_date,rt1_0.token,rt1_0.user_id,u1_0.role,u1_0.token_version,u1_0.username from wtms_user u1_0 left join refresh_token rt1_0 on u1_0.id=rt1_0.user_id where u1_0.id=?
2026-05-21 17:45:05.662 [http-nio-8762-exec-1] [trace=,span=] DEBUG org.hibernate.SQL - update wtms_user set email=?,is_blocked=?,password=?,role=?,token_version=?,username=? where id=?
2026-05-21 17:45:05.704 [kafka-producer-network-thread | auth-service-producer-1] [trace=,span=] INFO  com.yasirkhan.auth.producers.UserEventProducer - SUCCESS: User Status event sent for ID: 30cfe007-a862-47c0-b7b6-5804bad891a5 (Partition: 0, Offset: 25)
2026-05-21 17:45:14.067 [http-nio-8762-exec-2] [trace=,span=] DEBUG org.hibernate.SQL - select u1_0.id,u1_0.email,u1_0.is_blocked,u1_0.password,rt1_0.id,rt1_0.expiration_date,rt1_0.token,rt1_0.user_id,u1_0.role,u1_0.token_version,u1_0.username from wtms_user u1_0 left join refresh_token rt1_0 on u1_0.id=rt1_0.user_id where u1_0.username=?
2026-05-21 17:45:14.077 [http-nio-8762-exec-2] [trace=,span=] DEBUG org.hibernate.SQL - select u1_0.id,u1_0.email,u1_0.is_blocked,u1_0.password,rt1_0.id,rt1_0.expiration_date,rt1_0.token,rt1_0.user_id,u1_0.role,u1_0.token_version,u1_0.username from wtms_user u1_0 left join refresh_token rt1_0 on u1_0.id=rt1_0.user_id where u1_0.id=?
2026-05-21 17:45:14.079 [http-nio-8762-exec-2] [trace=,span=] DEBUG org.hibernate.SQL - update wtms_user set email=?,is_blocked=?,password=?,role=?,token_version=?,username=? where id=?
2026-05-21 17:45:14.106 [kafka-producer-network-thread | auth-service-producer-1] [trace=,span=] INFO  com.yasirkhan.auth.producers.UserEventProducer - SUCCESS: User Status event sent for ID: 30cfe007-a862-47c0-b7b6-5804bad891a5 (Partition: 0, Offset: 26)
2026-05-21 17:45:20.162 [http-nio-8762-exec-3] [trace=,span=] DEBUG org.hibernate.SQL - select u1_0.id,u1_0.email,u1_0.is_blocked,u1_0.password,rt1_0.id,rt1_0.expiration_date,rt1_0.token,rt1_0.user_id,u1_0.role,u1_0.token_version,u1_0.username from wtms_user u1_0 left join refresh_token rt1_0 on u1_0.id=rt1_0.user_id where u1_0.username=?
2026-05-21 17:45:20.184 [http-nio-8762-exec-3] [trace=,span=] DEBUG org.hibernate.SQL - select u1_0.id,u1_0.email,u1_0.is_blocked,u1_0.password,rt1_0.id,rt1_0.expiration_date,rt1_0.token,rt1_0.user_id,u1_0.role,u1_0.token_version,u1_0.username from wtms_user u1_0 left join refresh_token rt1_0 on u1_0.id=rt1_0.user_id where u1_0.id=?
2026-05-21 17:45:20.245 [kafka-producer-network-thread | auth-service-producer-1] [trace=,span=] INFO  com.yasirkhan.auth.producers.UserEventProducer - SUCCESS: User Updated event sent for ID: 30cfe007-a862-47c0-b7b6-5804bad891a5 (Partition: 0, Offset: 14)
2026-05-21 17:45:35.467 [http-nio-8762-exec-4] [trace=,span=] DEBUG org.hibernate.SQL - select u1_0.id,u1_0.email,u1_0.is_blocked,u1_0.password,rt1_0.id,rt1_0.expiration_date,rt1_0.token,rt1_0.user_id,u1_0.role,u1_0.token_version,u1_0.username from wtms_user u1_0 left join refresh_token rt1_0 on u1_0.id=rt1_0.user_id where u1_0.username=?
2026-05-21 17:45:35.541 [http-nio-8762-exec-4] [trace=,span=] DEBUG org.hibernate.SQL - select u1_0.id,u1_0.email,u1_0.is_blocked,u1_0.password,rt1_0.id,rt1_0.expiration_date,rt1_0.token,rt1_0.user_id,u1_0.role,u1_0.token_version,u1_0.username from wtms_user u1_0 left join refresh_token rt1_0 on u1_0.id=rt1_0.user_id where u1_0.id=?
2026-05-21 17:45:35.575 [kafka-producer-network-thread | auth-service-producer-1] [trace=,span=] INFO  com.yasirkhan.auth.producers.UserEventProducer - SUCCESS: User Updated event sent for ID: 30cfe007-a862-47c0-b7b6-5804bad891a5 (Partition: 0, Offset: 15)
2026-05-21 17:47:05.383 [AsyncResolver-bootstrap-executor-%d] [trace=,span=] INFO  com.netflix.discovery.shared.resolver.aws.ConfigClusterResolver - Resolving eureka endpoints via configuration
2026-05-21 17:49:57.051 [http-nio-8762-exec-6] [trace=,span=] DEBUG org.hibernate.SQL - select rt1_0.id,rt1_0.expiration_date,rt1_0.token,rt1_0.user_id,u1_0.id,u1_0.email,u1_0.is_blocked,u1_0.password,u1_0.role,u1_0.token_version,u1_0.username from refresh_token rt1_0 join wtms_user u1_0 on u1_0.id=rt1_0.user_id where rt1_0.token=?
2026-05-21 17:52:05.404 [AsyncResolver-bootstrap-executor-%d] [trace=,span=] INFO  com.netflix.discovery.shared.resolver.aws.ConfigClusterResolver - Resolving eureka endpoints via configuration
2026-05-21 17:53:00.120 [http-nio-8762-exec-8] [trace=,span=] DEBUG org.hibernate.SQL - select rt1_0.id,rt1_0.expiration_date,rt1_0.token,rt1_0.user_id,u1_0.id,u1_0.email,u1_0.is_blocked,u1_0.password,u1_0.role,u1_0.token_version,u1_0.username from refresh_token rt1_0 join wtms_user u1_0 on u1_0.id=rt1_0.user_id where rt1_0.token=?
2026-05-21 17:56:26.333 [http-nio-8762-exec-10] [trace=,span=] DEBUG org.hibernate.SQL - select rt1_0.id,rt1_0.expiration_date,rt1_0.token,rt1_0.user_id,u1_0.id,u1_0.email,u1_0.is_blocked,u1_0.password,u1_0.role,u1_0.token_version,u1_0.username from refresh_token rt1_0 join wtms_user u1_0 on u1_0.id=rt1_0.user_id where rt1_0.token=?
2026-05-21 17:57:05.415 [AsyncResolver-bootstrap-executor-%d] [trace=,span=] INFO  com.netflix.discovery.shared.resolver.aws.ConfigClusterResolver - Resolving eureka endpoints via configuration
2026-05-21 18:02:05.431 [AsyncResolver-bootstrap-executor-%d] [trace=,span=] INFO  com.netflix.discovery.shared.resolver.aws.ConfigClusterResolver - Resolving eureka endpoints via configuration
2026-05-21 18:02:54.178 [http-nio-8762-exec-2] [trace=,span=] WARN  com.yasirkhan.auth.exceptions.GlobalExceptionHandler - JWT validation failed: JWT expired 87989 milliseconds ago at 2026-05-21T13:01:26.000Z. Current time: 2026-05-21T13:02:53.989Z. Allowed clock skew: 0 milliseconds.
2026-05-21 18:02:55.828 [http-nio-8762-exec-3] [trace=,span=] DEBUG org.hibernate.SQL - select rt1_0.id,rt1_0.expiration_date,rt1_0.token,rt1_0.user_id,u1_0.id,u1_0.email,u1_0.is_blocked,u1_0.password,u1_0.role,u1_0.token_version,u1_0.username from refresh_token rt1_0 join wtms_user u1_0 on u1_0.id=rt1_0.user_id where rt1_0.token=?
2026-05-21 18:02:56.959 [http-nio-8762-exec-4] [trace=,span=] DEBUG org.hibernate.SQL - select u1_0.id,u1_0.email,u1_0.is_blocked,u1_0.password,rt1_0.id,rt1_0.expiration_date,rt1_0.token,rt1_0.user_id,u1_0.role,u1_0.token_version,u1_0.username from wtms_user u1_0 left join refresh_token rt1_0 on u1_0.id=rt1_0.user_id where u1_0.username=?
2026-05-21 18:07:05.463 [AsyncResolver-bootstrap-executor-%d] [trace=,span=] INFO  com.netflix.discovery.shared.resolver.aws.ConfigClusterResolver - Resolving eureka endpoints via configuration
2026-05-21 18:11:45.359 [http-nio-8762-exec-6] [trace=,span=] WARN  com.yasirkhan.auth.exceptions.GlobalExceptionHandler - JWT validation failed: JWT expired 229025 milliseconds ago at 2026-05-21T13:07:56.000Z. Current time: 2026-05-21T13:11:45.025Z. Allowed clock skew: 0 milliseconds.
2026-05-21 18:11:46.908 [http-nio-8762-exec-7] [trace=,span=] DEBUG org.hibernate.SQL - select rt1_0.id,rt1_0.expiration_date,rt1_0.token,rt1_0.user_id,u1_0.id,u1_0.email,u1_0.is_blocked,u1_0.password,u1_0.role,u1_0.token_version,u1_0.username from refresh_token rt1_0 join wtms_user u1_0 on u1_0.id=rt1_0.user_id where rt1_0.token=?
2026-05-21 18:11:47.719 [http-nio-8762-exec-8] [trace=,span=] DEBUG org.hibernate.SQL - select u1_0.id,u1_0.email,u1_0.is_blocked,u1_0.password,rt1_0.id,rt1_0.expiration_date,rt1_0.token,rt1_0.user_id,u1_0.role,u1_0.token_version,u1_0.username from wtms_user u1_0 left join refresh_token rt1_0 on u1_0.id=rt1_0.user_id where u1_0.username=?
2026-05-21 18:12:05.484 [AsyncResolver-bootstrap-executor-%d] [trace=,span=] INFO  com.netflix.discovery.shared.resolver.aws.ConfigClusterResolver - Resolving eureka endpoints via configuration
2026-05-21 18:13:46.220 [http-nio-8762-exec-10] [trace=,span=] DEBUG org.hibernate.SQL - select u1_0.id,u1_0.email,u1_0.is_blocked,u1_0.password,rt1_0.id,rt1_0.expiration_date,rt1_0.token,rt1_0.user_id,u1_0.role,u1_0.token_version,u1_0.username from wtms_user u1_0 left join refresh_token rt1_0 on u1_0.id=rt1_0.user_id where u1_0.username=?
2026-05-21 18:16:02.077 [http-nio-8762-exec-2] [trace=,span=] WARN  com.yasirkhan.auth.exceptions.GlobalExceptionHandler - Client error occurred: Not Found - No static resource index.html for request '/swagger-ui/index.html'.
2026-05-21 18:16:03.988 [http-nio-8762-exec-4] [trace=,span=] DEBUG org.hibernate.SQL - select u1_0.id,u1_0.email,u1_0.is_blocked,u1_0.password,rt1_0.id,rt1_0.expiration_date,rt1_0.token,rt1_0.user_id,u1_0.role,u1_0.token_version,u1_0.username from wtms_user u1_0 left join refresh_token rt1_0 on u1_0.id=rt1_0.user_id where u1_0.username=?
2026-05-21 18:17:05.520 [AsyncResolver-bootstrap-executor-%d] [trace=,span=] INFO  com.netflix.discovery.shared.resolver.aws.ConfigClusterResolver - Resolving eureka endpoints via configuration
2026-05-21 18:22:05.561 [AsyncResolver-bootstrap-executor-%d] [trace=,span=] INFO  com.netflix.discovery.shared.resolver.aws.ConfigClusterResolver - Resolving eureka endpoints via configuration
2026-05-21 18:24:40.788 [http-nio-8762-exec-1] [trace=,span=] DEBUG org.hibernate.SQL - select rt1_0.id,rt1_0.expiration_date,rt1_0.token,rt1_0.user_id,u1_0.id,u1_0.email,u1_0.is_blocked,u1_0.password,u1_0.role,u1_0.token_version,u1_0.username from refresh_token rt1_0 join wtms_user u1_0 on u1_0.id=rt1_0.user_id where rt1_0.token=?
2026-05-21 18:27:05.614 [AsyncResolver-bootstrap-executor-%d] [trace=,span=] INFO  com.netflix.discovery.shared.resolver.aws.ConfigClusterResolver - Resolving eureka endpoints via configuration
2026-05-21 18:28:56.327 [http-nio-8762-exec-3] [trace=,span=] WARN  com.yasirkhan.auth.exceptions.GlobalExceptionHandler - JWT validation failed: JWT expired 729309 milliseconds ago at 2026-05-21T13:16:47.000Z. Current time: 2026-05-21T13:28:56.309Z. Allowed clock skew: 0 milliseconds.
2026-05-21 18:28:57.217 [http-nio-8762-exec-4] [trace=,span=] DEBUG org.hibernate.SQL - select rt1_0.id,rt1_0.expiration_date,rt1_0.token,rt1_0.user_id,u1_0.id,u1_0.email,u1_0.is_blocked,u1_0.password,u1_0.role,u1_0.token_version,u1_0.username from refresh_token rt1_0 join wtms_user u1_0 on u1_0.id=rt1_0.user_id where rt1_0.token=?
2026-05-21 18:28:57.745 [http-nio-8762-exec-5] [trace=,span=] DEBUG org.hibernate.SQL - select u1_0.id,u1_0.email,u1_0.is_blocked,u1_0.password,rt1_0.id,rt1_0.expiration_date,rt1_0.token,rt1_0.user_id,u1_0.role,u1_0.token_version,u1_0.username from wtms_user u1_0 left join refresh_token rt1_0 on u1_0.id=rt1_0.user_id where u1_0.username=?
2026-05-21 18:32:05.664 [AsyncResolver-bootstrap-executor-%d] [trace=,span=] INFO  com.netflix.discovery.shared.resolver.aws.ConfigClusterResolver - Resolving eureka endpoints via configuration
2026-05-21 18:33:57.062 [http-nio-8762-exec-7] [trace=,span=] WARN  com.yasirkhan.auth.exceptions.GlobalExceptionHandler - JWT validation failed: JWT expired 52 milliseconds ago at 2026-05-21T13:33:57.000Z. Current time: 2026-05-21T13:33:57.052Z. Allowed clock skew: 0 milliseconds.
2026-05-21 18:33:57.670 [http-nio-8762-exec-8] [trace=,span=] DEBUG org.hibernate.SQL - select rt1_0.id,rt1_0.expiration_date,rt1_0.token,rt1_0.user_id,u1_0.id,u1_0.email,u1_0.is_blocked,u1_0.password,u1_0.role,u1_0.token_version,u1_0.username from refresh_token rt1_0 join wtms_user u1_0 on u1_0.id=rt1_0.user_id where rt1_0.token=?
2026-05-21 18:34:00.164 [http-nio-8762-exec-9] [trace=,span=] DEBUG org.hibernate.SQL - select u1_0.id,u1_0.email,u1_0.is_blocked,u1_0.password,rt1_0.id,rt1_0.expiration_date,rt1_0.token,rt1_0.user_id,u1_0.role,u1_0.token_version,u1_0.username from wtms_user u1_0 left join refresh_token rt1_0 on u1_0.id=rt1_0.user_id where u1_0.username=?
2026-05-21 18:34:01.754 [http-nio-8762-exec-9] [trace=,span=] DEBUG org.hibernate.SQL - select u1_0.id,u1_0.email,u1_0.is_blocked,u1_0.password,rt1_0.id,rt1_0.expiration_date,rt1_0.token,rt1_0.user_id,u1_0.role,u1_0.token_version,u1_0.username from wtms_user u1_0 left join refresh_token rt1_0 on u1_0.id=rt1_0.user_id where u1_0.id=?
2026-05-21 18:34:01.897 [kafka-producer-network-thread | auth-service-producer-1] [trace=,span=] INFO  com.yasirkhan.auth.producers.UserEventProducer - SUCCESS: User Status event sent for ID: 0055ae06-488b-47fe-b9f0-f506d8a5e15d (Partition: 0, Offset: 27)
2026-05-21 18:34:02.021 [http-nio-8762-exec-9] [trace=,span=] DEBUG org.hibernate.SQL - update wtms_user set email=?,is_blocked=?,password=?,role=?,token_version=?,username=? where id=?
2026-05-21 18:34:15.757 [http-nio-8762-exec-10] [trace=,span=] DEBUG org.hibernate.SQL - select u1_0.id,u1_0.email,u1_0.is_blocked,u1_0.password,rt1_0.id,rt1_0.expiration_date,rt1_0.token,rt1_0.user_id,u1_0.role,u1_0.token_version,u1_0.username from wtms_user u1_0 left join refresh_token rt1_0 on u1_0.id=rt1_0.user_id where u1_0.username=?
2026-05-21 18:34:15.771 [http-nio-8762-exec-10] [trace=,span=] DEBUG org.hibernate.SQL - select u1_0.id,u1_0.email,u1_0.is_blocked,u1_0.password,rt1_0.id,rt1_0.expiration_date,rt1_0.token,rt1_0.user_id,u1_0.role,u1_0.token_version,u1_0.username from wtms_user u1_0 left join refresh_token rt1_0 on u1_0.id=rt1_0.user_id where u1_0.id=?
2026-05-21 18:34:15.781 [http-nio-8762-exec-10] [trace=,span=] DEBUG org.hibernate.SQL - update wtms_user set email=?,is_blocked=?,password=?,role=?,token_version=?,username=? where id=?
2026-05-21 18:34:15.797 [kafka-producer-network-thread | auth-service-producer-1] [trace=,span=] INFO  com.yasirkhan.auth.producers.UserEventProducer - SUCCESS: User Status event sent for ID: 0055ae06-488b-47fe-b9f0-f506d8a5e15d (Partition: 0, Offset: 28)
2026-05-21 18:34:28.686 [http-nio-8762-exec-1] [trace=,span=] DEBUG org.hibernate.SQL - select u1_0.id,u1_0.email,u1_0.is_blocked,u1_0.password,rt1_0.id,rt1_0.expiration_date,rt1_0.token,rt1_0.user_id,u1_0.role,u1_0.token_version,u1_0.username from wtms_user u1_0 left join refresh_token rt1_0 on u1_0.id=rt1_0.user_id where u1_0.username=?
2026-05-21 18:34:28.699 [http-nio-8762-exec-1] [trace=,span=] DEBUG org.hibernate.SQL - select u1_0.id,u1_0.email,u1_0.is_blocked,u1_0.password,rt1_0.id,rt1_0.expiration_date,rt1_0.token,rt1_0.user_id,u1_0.role,u1_0.token_version,u1_0.username from wtms_user u1_0 left join refresh_token rt1_0 on u1_0.id=rt1_0.user_id where u1_0.id=?
2026-05-21 18:34:28.703 [http-nio-8762-exec-1] [trace=,span=] DEBUG org.hibernate.SQL - update wtms_user set email=?,is_blocked=?,password=?,role=?,token_version=?,username=? where id=?
2026-05-21 18:34:28.720 [kafka-producer-network-thread | auth-service-producer-1] [trace=,span=] INFO  com.yasirkhan.auth.producers.UserEventProducer - SUCCESS: User Status event sent for ID: 0055ae06-488b-47fe-b9f0-f506d8a5e15d (Partition: 0, Offset: 29)
2026-05-21 18:34:50.725 [http-nio-8762-exec-2] [trace=,span=] DEBUG org.hibernate.SQL - select u1_0.id,u1_0.email,u1_0.is_blocked,u1_0.password,rt1_0.id,rt1_0.expiration_date,rt1_0.token,rt1_0.user_id,u1_0.role,u1_0.token_version,u1_0.username from wtms_user u1_0 left join refresh_token rt1_0 on u1_0.id=rt1_0.user_id where u1_0.username=?
2026-05-21 18:37:05.692 [AsyncResolver-bootstrap-executor-%d] [trace=,span=] INFO  com.netflix.discovery.shared.resolver.aws.ConfigClusterResolver - Resolving eureka endpoints via configuration
2026-05-21 18:42:05.710 [AsyncResolver-bootstrap-executor-%d] [trace=,span=] INFO  com.netflix.discovery.shared.resolver.aws.ConfigClusterResolver - Resolving eureka endpoints via configuration
2026-05-21 18:47:05.722 [AsyncResolver-bootstrap-executor-%d] [trace=,span=] INFO  com.netflix.discovery.shared.resolver.aws.ConfigClusterResolver - Resolving eureka endpoints via configuration
2026-05-21 18:50:04.763 [SpringApplicationShutdownHook] [trace=,span=] INFO  com.netflix.discovery.DiscoveryClient - Saw local status change event StatusChangeEvent [timestamp=1779371404761, current=DOWN, previous=UP]
2026-05-21 18:50:04.769 [DiscoveryClient-InstanceInfoReplicator-%d] [trace=,span=] INFO  com.netflix.discovery.DiscoveryClient - DiscoveryClient_AUTH-SERVICE/DESKTOP-0NACNM9:auth-service:8762: registering service...
2026-05-21 18:50:04.908 [DiscoveryClient-InstanceInfoReplicator-%d] [trace=,span=] INFO  com.netflix.discovery.DiscoveryClient - DiscoveryClient_AUTH-SERVICE/DESKTOP-0NACNM9:auth-service:8762 - registration status: 204
2026-05-21 18:50:06.499 [SpringApplicationShutdownHook] [trace=,span=] INFO  com.zaxxer.hikari.HikariDataSource - HikariPool-1 - Shutdown initiated...
2026-05-21 18:50:06.530 [SpringApplicationShutdownHook] [trace=,span=] INFO  com.zaxxer.hikari.HikariDataSource - HikariPool-1 - Shutdown completed.
2026-05-21 18:50:06.537 [SpringApplicationShutdownHook] [trace=,span=] INFO  com.netflix.discovery.DiscoveryClient - Shutting down DiscoveryClient ...
2026-05-21 18:50:09.552 [SpringApplicationShutdownHook] [trace=,span=] INFO  com.netflix.discovery.DiscoveryClient - Unregistering ...
2026-05-21 18:50:09.697 [SpringApplicationShutdownHook] [trace=,span=] INFO  com.netflix.discovery.DiscoveryClient - DiscoveryClient_AUTH-SERVICE/DESKTOP-0NACNM9:auth-service:8762 - deregister  status: 200
2026-05-21 18:50:09.701 [SpringApplicationShutdownHook] [trace=,span=] INFO  com.netflix.discovery.DiscoveryClient - Completed shut down of DiscoveryClient
